Workbook

Sheet MITRA (REFERENSI)
A1: Nama Lengkap | B1: Posisi | C1: Status Seleksi (1=Terpilih, 2=Tidak Terpilih) | D1: Posisi Daftar | E1: Alamat Detail | F1: Alamat Prov | G1: Alamat Kab | H1: Alamat Kec | I1: Alamat Desa | J1: Tempat, Tanggal Lahir (Umur)* | K1: Jenis Kelamin | L1: Pendidikan | M1: Pekerjaan | N1: Deskripsi Pekerjaan Lain | O1: No Telp | P1: SOBAT ID | Q1: Email | R1: Nilai Ujian | S1: Waktu Mulai | T1: Waktu Submit | U1: Durasi (menit) | V1: Remedial (kali) | W1: Status PI | X1: Waktu PI | Y1: Profesi | Z1: Alamat
A2: Abdillah | B2: Mitra Pendataan | C2: Diterima | D2: Mitra Pendataan | E2: Jl.cip pulo maja rt 06 rw 11 | F2: 31 | G2: 72 | H2: 060 | I2: 005 | J2: TANAH DATAR, 12 Juli 1976 (50) | K2: Lk | L2: Tamat SMA/Sederajat | M2: Wiraswasta | O2: +62 813-1991-4129 | P2: 317222100443 | Q2: aabdillah721@gmail.com | R2: 86.67 | S2: 2025-11-21 15:15:34 | T2: 2025-11-21 16:09:46 | U2: 54.2 | V2: 0 | W2: Disetujui | X2: 20251205 17:10:39 | Y2: =IF(N2="",M2,N2) -> Wiraswasta | Z2: =VLOOKUP(H2,'[1]KELAS (REF) 1080'!$Q:$R,2,FALSE) -> #REF!
A3: ABDULLAH FANSURI | B3: Mitra Pendataan | C3: Diterima | D3: Mitra Pendataan | E3: Ko.pisangan RT 008 RW 005 Kel.penggilingan | F3: 31 | G3: 72 | H3: 080 | I3: 002 | J3: , 26 September 1978 (48) | K3: Lk | L3: Tamat SMA/Sederajat | M3: Lainnya | N3: Mitra bps | O3: +62 089-8903-1373 | P3: 317222010003 | Q3: fansuriabdullah9@gmail.com | R3: 93.33 | S3: 2025-11-20 11:57:32 | T3: 2025-11-20 12:27:05 | U3: 29.55 | V3: 0 | W3: Disetujui | X3: 20251204 09:56:36 | Y3: =IF(N3="",M3,N3) -> Mitra bps | Z3: =VLOOKUP(H3,'[1]KELAS (REF) 1080'!$Q:$R,2,FALSE) -> #REF!
A4: Abdurrahman Farisy | B4: Mitra (Pendataan dan Pengolahan) | C4: Diterima | D4: Mitra (Pendataan dan Pengolahan) | E4: Jl.Kebon Nanas Selatan II | F4: 31 | G4: 72 | H4: 060 | I4: 002 | J4: , 19 Juli 2006 (20) | K4: Lk | L4: Tamat SMA/Sederajat | M4: Kader PKK / Karang Taruna / Kader Lainnya | O4: +62 859-5807-2007 | P4: 317225050087 | Q4: ghostfather101@gmail.com | R4: 100.00 | S4: 2025-11-24 07:26:51 | T4: 2025-11-24 07:36:32 | U4: 9.6833333 | V4: 0 | W4: Disetujui | X4: 20251204 12:51:48 | Y4: =IF(N4="",M4,N4) -> Kader PKK / Karang Taruna / Kader Lainnya | Z4: =VLOOKUP(H4,'[1]KELAS (REF) 1080'!$Q:$R,2,FALSE) -> #REF!
A5: Achmad As Adi | B5: Mitra (Pendataan dan Pengolahan) | C5: Diterima | D5: Mitra (Pendataan dan Pengolahan) | E5: Kp.Pisangan Rt 001/04 no.20 | F5: 31 | G5: 72 | H5: 080 | I5: 002 | J5: JAKARTA BARAT, 09 Juli 1970 (56) | K5: Lk | L5: Tamat SMA/Sederajat | M5: Wiraswasta | O5: +62 812-8444-8884 | P5: 317222010093 | Q5: achmadasadi001@gmail.com | R5: 93.33 | S5: 2025-11-20 13:01:57 | T5: 2025-11-20 13:23:36 | U5: 21.65 | V5: 0 | W5: Disetujui | X5: 20251204 11:35:39 | Y5: =IF(N5="",M5,N5) -> Wiraswasta | Z5: =VLOOKUP(H5,'[1]KELAS (REF) 1080'!$Q:$R,2,FALSE) -> #REF!
A6: ACHMAD RIFAL | B6: Mitra (Pendataan dan Pengolahan) | C6: Diterima | D6: Mitra (Pendataan dan Pengolahan) | E6: jl. pahlawan revolusi .no26AB RT001/RW007 | F6: 31 | G6: 72 | H6: 070 | I6: 001 | J6: JAKARTA TIMUR, 19 Agustus 1991 (35) | K6: Lk | L6: Tamat D4/S1 | M6: Lainnya | N6: karyawan swasta | O6: +62 821-1030-6471 | P6: 317222092137 | Q6: riffallachmad@gmail.com | R6: 86.67 | S6: 2025-11-20 15:00:14 | T6: 2025-11-20 15:25:10 | U6: 24.933333 | V6: 0 | W6: Disetujui | X6: 20251204 21:09:05 | Y6: =IF(N6="",M6,N6) -> karyawan swasta | Z6: =VLOOKUP(H6,'[1]KELAS (REF) 1080'!$Q:$R,2,FALSE) -> #REF!
A7: Achmad zaidanul haq | B7: Mitra (Pendataan dan Pengolahan) | C7: Diterima | D7: Mitra (Pendataan dan Pengolahan) | E7: Jalan gardu NO:03 RT. 009/03 | F7: 31 | G7: 72 | H7: 050 | I7: 001 | J7: JAKARTA TIMUR, 17 Januari 2000 (25) | K7: Lk | L7: Tamat SMA/Sederajat | M7: Lainnya | N7: Wirausaha | O7: +62 856-9123-4570 | P7: 317222010240 | Q7: achmadzaidan.haq@gmail.com | R7: 93.33 | S7: 2025-11-20 13:38:33 | T7: 2025-11-20 13:49:51 | U7: 11.3 | V7: 0 | W7: Disetujui | X7: 20251204 17:13:29 | Y7: =IF(N7="",M7,N7) -> Wirausaha | Z7: =VLOOKUP(H7,'[1]KELAS (REF) 1080'!$Q:$R,2,FALSE) -> #REF!
A8: Achyani | B8: Mitra (Pendataan dan Pengolahan) | C8: Diterima | D8: Mitra (Pendataan dan Pengolahan) | E8: Jln perintis kemerdekaan | F8: 31 | G8: 72 | H8: 090 | I8: 007 | J8: JAKARTA TIMUR, 14 Januari 1977 (48) | K8: Pr | L8: Tamat SMA/Sederajat | M8: Kader PKK / Karang Taruna / Kader Lainnya | O8: +62 812-9217-0234 | P8: 317225050032 | Q8: achyaniatang@gmail.com | R8: 86.67 | S8: 2025-11-19 09:01:31 | T8: 2025-11-19 09:51:42 | U8: 50.183333 | V8: 0 | W8: Disetujui | X8: 20251204 17:27:54 | Y8: =IF(N8="",M8,N8) -> Kader PKK / Karang Taruna / Kader Lainnya | Z8: =VLOOKUP(H8,'[1]KELAS (REF) 1080'!$Q:$R,2,FALSE) -> #REF!
A9: Achyar Ramadhan | B9: Mitra (Pendataan dan Pengolahan) | C9: Diterima | D9: Mitra (Pendataan dan Pengolahan) | E9: Jalan pemuda 2 no.19 | F9: 31 | G9: 72 | H9: 090 | I9: 005 | J9: JAKARTA TIMUR, 04 Juni 1972 (54) | K9: Lk | L9: Tamat SMA/Sederajat | M9: Wiraswasta | O9: +62 813-1958-9181 | P9: 317222010183 | Q9: achyarramadhan9@gmail.com | R9: 86.67 | S9: 2025-11-20 12:32:01 | T9: 2025-11-20 12:53:29 | U9: 21.466667 | V9: 0 | W9: Disetujui | X9: 20251205 15:18:57 | Y9: =IF(N9="",M9,N9) -> Wiraswasta | Z9: =VLOOKUP(H9,'[1]KELAS (REF) 1080'!$Q:$R,2,FALSE) -> #REF!
A10: Ade misfah juned | B10: Mitra (Pendataan dan Pengolahan) | C10: Diterima | D10: Mitra (Pendataan dan Pengolahan) | E10: Jalan pisangan baru utara rt 09 rw 013 no 14 matraman | F10: 31 | G10: 72 | H10: 100 | I10: 003 | J10: JAKARTA TIMUR, 12 Agustus 1976 (50) | K10: Pr | L10: Tamat SMA/Sederajat | M10: Kader PKK / Karang Taruna / Kader Lainnya | O10: +62 878-8157-8611 | P10: 317222090093 | Q10: ademisfah08@gmail.com | R10: 90.00 | S10: 2025-11-21 09:01:32 | T10: 2025-11-21 09:23:50 | U10: 22.3 | V10: 0 | W10: Disetujui | X10: 20251204 11:17:54 | Y10: =IF(N10="",M10,N10) -> Kader PKK / Karang Taruna / Kader Lainnya | Z10: =VLOOKUP(H10,'[1]KELAS (REF) 1080'!$Q:$R,2,FALSE) -> #REF!
A11: Ade suhanah | B11: Mitra Pendataan | C11: Diterima | D11: Mitra Pendataan | E11: Jalan kebon pala 1 RT 006 RW 007 NO. 39 | F11: 31 | G11: 72 | H11: 040 | I11: 004 | J11: JAKARTA UTARA, 16 Juni 1975 (51) | K11: Pr | L11: Tamat D4/S1 | M11: Mengurus Rumah Tangga | O11: +62 857-1053-2827 | P11: 317222050020 | Q11: Adesuhanah78@gmail.com | R11: 83.33 | S11: 2025-11-24 15:09:06 | T11: 2025-11-24 15:34:37 | U11: 25.516667 | V11: 0 | W11: Disetujui | X11: 20251205 16:47:06 | Y11: =IF(N11="",M11,N11) -> Mengurus Rumah Tangga | Z11: =VLOOKUP(H11,'[1]KELAS (REF) 1080'!$Q:$R,2,FALSE) -> #REF!
A12: Ade Yeni Nurhayati | B12: Mitra (Pendataan dan Pengolahan) | C12: Diterima | D12: Mitra (Pendataan dan Pengolahan) | E12: Jl. Nanas1, gg. Flamboyan 5 rt 004/003 | F12: 31 | G12: 72 | H12: 100 | I12: 005 | J12: , 15 April 1989 (37) | K12: Pr | L12: Tamat SMA/Sederajat | M12: Kader PKK / Karang Taruna / Kader Lainnya | O12: +62 085-7103-13841 | P12: 317222090671 | Q12: adeyeninurhayati4@gmail.com | R12: 96.67 | S12: 2025-11-21 15:02:35 | T12: 2025-11-21 15:25:41 | U12: 23.1 | V12: 0 | W12: Disetujui | X12: 20251204 11:57:40 | Y12: =IF(N12="",M12,N12) -> Kader PKK / Karang Taruna / Kader Lainnya | Z12: =VLOOKUP(H12,'[1]KELAS (REF) 1080'!$Q:$R,2,FALSE) -> #REF!
A13: Adil Fagli | B13: Mitra (Pendataan dan Pengolahan) | C13: Diterima | D13: Mitra (Pendataan dan Pengolahan) | E13: Kp Rawadas No 162 RT 001 RW 03 | F13: 31 | G13: 72 | H13: 070 | I13: 004 | J13: JAKARTA TIMUR, 04 Juli 1989 (37) | K13: Lk | L13: Tamat SMA/Sederajat | M13: Wiraswasta | O13: +62 821-1397-6914 | P13: 317222010129 | Q13: adil700c@gmail.com | R13: 86.67 | S13: 2025-11-21 09:00:56 | T13: 2025-11-21 09:20:36 | U13: 19.666667 | V13: 0 | W13: Disetujui | X13: 20251204 18:29:45 | Y13: =IF(N13="",M13,N13) -> Wiraswasta | Z13: =VLOOKUP(H13,'[1]KELAS (REF) 1080'!$Q:$R,2,FALSE) -> #REF!
A14: Adinda Maharani Salsabila | B14: Mitra (Pendataan dan Pengolahan) | C14: Diterima | D14: Mitra (Pendataan dan Pengolahan) | E14: Klender | F14: 31 | G14: 72 | H14: 070 | I14: 007 | J14: JAKARTA UTARA, 16 April 2000 (26) | K14: Pr | L14: Tamat D4/S1 | M14: Wiraswasta | O14: +62 819-9534-3604 | P14: 317223110140 | Q14: adindamaharanisalsabila845@gmail.com | R14: 93.33 | S14: 2025-11-18 15:17:51 | T14: 2025-11-18 15:31:48 | U14: 13.95 | V14: 0 | W14: Disetujui | X14: 20251208 10:54:03 | Y14: =IF(N14="",M14,N14) -> Wiraswasta | Z14: =VLOOKUP(H14,'[1]KELAS (REF) 1080'!$Q:$R,2,FALSE) -> #REF!
A15: Afi Herprabawati | B15: Mitra (Pendataan dan Pengolahan) | C15: Diterima | D15: Mitra (Pendataan dan Pengolahan) | E15: Jl flamboyan no 16 rt 1 rw 18 | F15: 31 | G15: 72 | H15: 070 | I15: 007 | J15: MALANG, 03 April 1970 (56) | K15: Pr | L15: Tamat D4/S1 | M15: Mengurus Rumah Tangga | O15: +62 081-1815-895 | P15: 317223070004 | Q15: afiherprabawati@gmail.com | R15: 93.33 | S15: 2025-11-19 15:04:02 | T15: 2025-11-19 15:21:15 | U15: 17.216667 | V15: 0 | W15: Disetujui | X15: 20251205 14:59:25 | Y15: =IF(N15="",M15,N15) -> Mengurus Rumah Tangga | Z15: =VLOOKUP(H15,'[1]KELAS (REF) 1080'!$Q:$R,2,FALSE) -> #REF!
A16: Agnes Ristriyanti | B16: Mitra (Pendataan dan Pengolahan) | C16: Diterima | D16: Mitra (Pendataan dan Pengolahan) | E16: Jl rawadas rt008 rw003 no 25 | F16: 31 | G16: 72 | H16: 070 | I16: 004 | J16: JAKARTA TIMUR, 13 Agustus 1976 (50) | K16: Pr | L16: Tamat SMA/Sederajat | M16: Mengurus Rumah Tangga | O16: +62 813-8547-5188 | P16: 317222020091 | Q16: agnesristrianti4@gmail.com | R16: 96.67 | S16: 2025-11-21 11:00:09 | T16: 2025-11-21 11:09:24 | U16: 9.25 | V16: 0 | W16: Disetujui | X16: 20251204 10:30:11 | Y16: =IF(N16="",M16,N16) -> Mengurus Rumah Tangga | Z16: =VLOOKUP(H16,'[1]KELAS (REF) 1080'!$Q:$R,2,FALSE) -> #REF!
A17: Agus amirullah | B17: Mitra (Pendataan dan Pengolahan) | C17: Diterima | D17: Mitra (Pendataan dan Pengolahan) | E17: Jln rambutan rt 03/010 kel baru | F17: 31 | G17: 72 | H17: 010 | I17: 003 | J17: JAKARTA TIMUR, 30 Agustus 1972 (54) | K17: Lk | L17: Tamat SMA/Sederajat | M17: Wiraswasta | O17: +62 852-8533-7057 | P17: 317222090587 | Q17: agusamirullah7@gmail.com | R17: 86.67 | S17: 2025-11-21 15:00:33 | T17: 2025-11-21 15:30:15 | U17: 29.7 | V17: 0 | W17: Disetujui | X17: 20251204 21:44:09 | Y17: =IF(N17="",M17,N17) -> Wiraswasta | Z17: =VLOOKUP(H17,'[1]KELAS (REF) 1080'!$Q:$R,2,FALSE) -> #REF!
A18: AGUSTIN RETNOWATI | B18: Mitra Pendataan | C18: Diterima | D18: Mitra Pendataan | E18: Jl. Kayumanis I Lama No. 16 Rt 004 Rw 008 | F18: 31 | G18: 72 | H18: 100 | I18: 002 | J18: , 05 Agustus 1970 (56) | K18: Pr | L18: Tamat SMA/Sederajat | M18: Kader PKK / Karang Taruna / Kader Lainnya | O18: +62 838-9143-7069 | P18: 317222090323 | Q18: enoagustin5870@gmail.com | R18: 86.67 | S18: 2025-11-21 15:19:07 | T18: 2025-11-21 16:08:46 | U18: 49.65 | V18: 0 | W18: Disetujui | X18: 20251204 11:44:12 | Y18: =IF(N18="",M18,N18) -> Kader PKK / Karang Taruna / Kader Lainnya | Z18: =VLOOKUP(H18,'[1]KELAS (REF) 1080'!$Q:$R,2,FALSE) -> #REF!
A19: Agustina | B19: Mitra (Pendataan dan Pengolahan) | C19: Diterima | D19: Mitra (Pendataan dan Pengolahan) | E19: Jln kelapa gading 1 rt.004 rw.001 no.3 | F19: 31 | G19: 72 | H19: 050 | I19: 005 | J19: JAKARTA TIMUR, 04 Agustus 1973 (53) | K19: Pr | L19: Tamat SMA/Sederajat | M19: Lainnya | N19: Ketua RT | O19: +62 838-6672-0365 | P19: 317222010344 | Q19: agusssstina8@gmail.com | R19: 90.00 | S19: 2025-11-21 11:10:43 | T19: 2025-11-21 11:34:41 | U19: 23.966667 | V19: 0 | W19: Disetujui | X19: 20251204 23:09:42 | Y19: =IF(N19="",M19,N19) -> Ketua RT | Z19: =VLOOKUP(H19,'[1]KELAS (REF) 1080'!$Q:$R,2,FALSE) -> #REF!
A20: Ahmad Wildani | B20: Mitra (Pendataan dan Pengolahan) | C20: Diterima | D20: Mitra (Pendataan dan Pengolahan) | E20: Jl. Kayu Putih Tengah IV E No. 14 RT. 003/ RW. 007 | F20: 31 | G20: 72 | H20: 090 | I20: 007 | J20: JAKARTA TIMUR, 24 Januari 1989 (36) | K20: Lk | L20: Tamat D4/S1 | M20: Wiraswasta | O20: +62 813-8014-1763 | P20: 317225050048 | Q20: ahmadwildani2401@gmail.com | R20: 96.67 | S20: 2025-11-20 13:08:05 | T20: 2025-11-20 13:39:05 | U20: 31 | V20: 0 | W20: Disetujui | X20: 20251204 17:21:47 | Y20: =IF(N20="",M20,N20) -> Wiraswasta | Z20: =VLOOKUP(H20,'[1]KELAS (REF) 1080'!$Q:$R,2,FALSE) -> #REF!
A21: Aisyah | B21: Mitra (Pendataan dan Pengolahan) | C21: Diterima | D21: Mitra (Pendataan dan Pengolahan) | E21: Jl. Rawadas rt009/03 | F21: 31 | G21: 72 | H21: 070 | I21: 004 | J21: , 01 Juni 1979 (47) | K21: Pr | L21: Tamat D4/S1 | M21: Wiraswasta | O21: +62 081-2820-34640 | P21: 317222020085 | Q21: aisyahmikoza@gmail.com | R21: 93.33 | S21: 2025-11-21 09:16:15 | T21: 2025-11-21 09:30:39 | U21: 14.4 | V21: 0 | W21: Disetujui | X21: 20251204 10:15:40 | Y21: =IF(N21="",M21,N21) -> Wiraswasta | Z21: =VLOOKUP(H21,'[1]KELAS (REF) 1080'!$Q:$R,2,FALSE) -> #REF!
A22: AJI SEPTIANTO | B22: Mitra (Pendataan dan Pengolahan) | C22: Diterima | D22: Mitra (Pendataan dan Pengolahan) | E22: jalan kayumas utara rt 007 rw 009 | F22: 31 | G22: 72 | H22: 090 | I22: 007 | J22: JAKARTA TIMUR, 27 September 2002 (24) | K22: Lk | L22: Tamat SMA/Sederajat | M22: Lainnya | N22: - | O22: +62 855-9115-8986 | P22: 317225050059 | Q22: ajiseptianto8@gmail.com | R22: 90.00 | S22: 2025-11-19 15:00:28 | T22: 2025-11-19 15:23:34 | U22: 23.1 | V22: 0 | W22: Disetujui | X22: 20251204 16:03:19 | Y22: =IF(N22="",M22,N22) -> - | Z22: =VLOOKUP(H22,'[1]KELAS (REF) 1080'!$Q:$R,2,FALSE) -> #REF!
A23: alffito deannofal | B23: Mitra (Pendataan dan Pengolahan) | C23: Diterima | D23: Mitra (Pendataan dan Pengolahan) | E23: jalan rawa kuning RT 007 RW 016 GG Abadi | F23: 31 | G23: 72 | H23: 080 | I23: 003 | J23: JAKARTA TIMUR, 15 Juni 2004 (22) | K23: Lk | L23: Tamat SMA/Sederajat | M23: Pelajar / Mahasiswa | O23: +62 858-8089-2684 | P23: 317222040075 | Q23: alffito15@gmail.com | R23: 90.00 | S23: 2025-11-21 15:00:56 | T23: 2025-11-21 15:25:49 | U23: 24.883333 | V23: 0 | W23: Disetujui | X23: 20251204 14:16:19 | Y23: =IF(N23="",M23,N23) -> Pelajar / Mahasiswa | Z23: =VLOOKUP(H23,'[1]KELAS (REF) 1080'!$Q:$R,2,FALSE) -> #REF!
A24: Alvian Rainda Putra | B24: Mitra (Pendataan dan Pengolahan) | C24: Diterima | D24: Mitra (Pendataan dan Pengolahan) | E24: Jl. Kebon Nanas II | F24: 31 | G24: 72 | H24: 060 | I24: 002 | J24: JAKARTA TIMUR, 27 September 1993 (33) | K24: Lk | L24: Tamat SMA/Sederajat | M24: Lainnya | N24: Belum Bekerja | O24: +62 813-8138-9910 | P24: 317222091606 | Q24: alvian.rp@gmail.com | R24: 96.67 | S24: 2025-11-21 13:09:09 | T24: 2025-11-21 13:20:22 | U24: 11.216667 | V24: 0 | W24: Disetujui | X24: 20251204 12:23:23 | Y24: =IF(N24="",M24,N24) -> Belum Bekerja | Z24: =VLOOKUP(H24,'[1]KELAS (REF) 1080'!$Q:$R,2,FALSE) -> #REF!
A25: Alya Ega Fatihah | B25: Mitra (Pendataan dan Pengolahan) | C25: Diterima | D25: Mitra (Pendataan dan Pengolahan) | E25: Jl. Mandala V No.17B rt 006/09 | F25: 31 | G25: 72 | H25: 050 | I25: 006 | J25: JAKARTA TIMUR, 07 Juni 1999 (27) | K25: Pr | L25: Tamat D4/S1 | M25: Kader PKK / Karang Taruna / Kader Lainnya | O25: +62 895-3595-50099 | P25: 317225050003 | Q25: aalyaef@gmail.com | R25: 90.00 | S25: 2025-11-24 15:12:13 | T25: 2025-11-24 15:38:20 | U25: 26.116667 | V25: 0 | W25: Disetujui | X25: 20251208 16:13:45 | Y25: =IF(N25="",M25,N25) -> Kader PKK / Karang Taruna / Kader Lainnya | Z25: =VLOOKUP(H25,'[1]KELAS (REF) 1080'!$Q:$R,2,FALSE) -> #REF!
A26: Amanda Imaniar Octaviyanti | B26: Mitra (Pendataan dan Pengolahan) | C26: Diterima | D26: Mitra (Pendataan dan Pengolahan) | E26: JALAN NUSA I RT 009 RW 003 | F26: 31 | G26: 72 | H26: 050 | I26: 005 | J26: , 14 Oktober 1990 (36) | K26: Pr | L26: Tamat SMA/Sederajat | M26: Mengurus Rumah Tangga | O26: +62 859-0174-2707 | P26: 321522091579 | Q26: Amandaimaniaroctaviyanti191@gmail.com | R26: 96.67 | S26: 2025-11-20 13:56:43 | T26: 2025-11-20 14:42:23 | U26: 45.666667 | V26: 0 | W26: Disetujui | X26: 20251204 21:32:22 | Y26: =IF(N26="",M26,N26) -> Mengurus Rumah Tangga | Z26: =VLOOKUP(H26,'[1]KELAS (REF) 1080'!$Q:$R,2,FALSE) -> #REF!
A27: Amanda Nur Pratiwi | B27: Mitra (Pendataan dan Pengolahan) | C27: Diterima | D27: Mitra (Pendataan dan Pengolahan) | E27: Jl. Kayumanis IX RT 012 RW 09 NO 26 | F27: 31 | G27: 72 | H27: 100 | I27: 004 | J27: JAKARTA TIMUR, 12 Maret 2002 (24) | K27: Pr | L27: Tamat SMA/Sederajat | M27: Lainnya | N27: Mencari kerja | O27: +62 897-8304-560 | P27: 317222090625 | Q27: amandanurp050516@gmail.com | R27: 86.67 | S27: 2025-11-20 15:05:43 | T27: 2025-11-20 16:05:44 | U27: 60.016667 | V27: 0 | W27: Disetujui | X27: 20251204 09:26:47 | Y27: =IF(N27="",M27,N27) -> Mencari kerja | Z27: =VLOOKUP(H27,'[1]KELAS (REF) 1080'!$Q:$R,2,FALSE) -> #REF!
A28: Amanda Swari Prasepti | B28: Mitra (Pendataan dan Pengolahan) | C28: Diterima | D28: Mitra (Pendataan dan Pengolahan) | E28: Jl Satria, Gg. Swadaya No.45 RT 001/ RW 03 | F28: 31 | G28: 72 | H28: 080 | I28: 004 | J28: , 06 September 1994 (32) | K28: Pr | L28: Tamat D4/S1 | M28: Mengurus Rumah Tangga | O28: +62 851-5520-1130 | P28: 317222110033 | Q28: mandaswari@gmail.com | R28: 73.33 | S28: 2025-11-20 15:38:02 | T28: 2025-11-20 15:44:25 | U28: 6.3833333 | V28: 0 | W28: Disetujui | X28: 20251204 12:44:49 | Y28: =IF(N28="",M28,N28) -> Mengurus Rumah Tangga | Z28: =VLOOKUP(H28,'[1]KELAS (REF) 1080'!$Q:$R,2,FALSE) -> #REF!
A29: Amar Ridhwan Pangestu | B29: Mitra (Pendataan dan Pengolahan) | C29: Diterima | D29: Mitra (Pendataan dan Pengolahan) | E29: Jalan Salak 6 No. 8 | F29: 32 | G29: 75 | H29: 060 | I29: 005 | J29: KLATEN, 11 Desember 2000 (26) | K29: Lk | L29: Tamat D4/S1 | M29: Pelajar / Mahasiswa | O29: +62 819-9918-7322 | P29: 317222110037 | Q29: Ridhwanamar18@gmail.com | R29: 80.00 | S29: 2025-11-20 13:00:43 | T29: 2025-11-20 13:25:53 | U29: 25.166667 | V29: 0 | W29: Disetujui | X29: 20251208 17:16:43 | Y29: =IF(N29="",M29,N29) -> Pelajar / Mahasiswa | Z29: =VLOOKUP(H29,'[1]KELAS (REF) 1080'!$Q:$R,2,FALSE) -> #REF!
A30: Ambar berlina | B30: Mitra (Pendataan dan Pengolahan) | C30: Diterima | D30: Mitra (Pendataan dan Pengolahan) | E30: Kp.siluman rt003 rw001 no.30 | F30: 32 | G30: 16 | H30: 081 | I30: 009 | J30: JAKARTA TIMUR, 24 Desember 1988 (38) | K30: Pr | L30: Tamat D4/S1 | M30: Mengurus Rumah Tangga | O30: +62 811-1682-811 | P30: 317222110004 | Q30: ambarberlina69@gmail.com | R30: 96.67 | S30: 2025-11-19 14:07:18 | T30: 2025-11-19 14:23:02 | U30: 15.733333 | V30: 0 | W30: Disetujui | X30: 20251204 12:58:42 | Y30: =IF(N30="",M30,N30) -> Mengurus Rumah Tangga | Z30: =VLOOKUP(H30,'[1]KELAS (REF) 1080'!$Q:$R,2,FALSE) -> #REF!
A31: Amelia Dita Purnama | B31: Mitra (Pendataan dan Pengolahan) | C31: Diterima | D31: Mitra (Pendataan dan Pengolahan) | E31: Jl. Cipinang Pulo Maja RT:007/011 No.21 | F31: 31 | G31: 72 | H31: 060 | I31: 005 | J31: , 19 Maret 2000 (26) | K31: Pr | L31: Tamat D4/S1 | M31: Pelajar / Mahasiswa | O31: +62 895-1685-1724 | P31: 317222110079 | Q31: ameliadtp1@gmail.com | R31: 100.00 | S31: 2025-11-25 12:43:55 | T31: 2025-11-25 13:01:37 | U31: 17.7 | V31: 0 | W31: Disetujui | X31: 20251205 09:20:43 | Y31: =IF(N31="",M31,N31) -> Pelajar / Mahasiswa | Z31: =VLOOKUP(H31,'[1]KELAS (REF) 1080'!$Q:$R,2,FALSE) -> #REF!
A32: Aminah | B32: Mitra (Pendataan dan Pengolahan) | C32: Diterima | D32: Mitra (Pendataan dan Pengolahan) | E32: Kp. Pegangsaan I RT.001 RW.003 no.44 | F32: 31 | G32: 72 | H32: 080 | I32: 007 | J32: JAKARTA UTARA, 03 September 1987 (39) | K32: Pr | L32: Tamat SMA/Sederajat | M32: Kader PKK / Karang Taruna / Kader Lainnya | O32: +62 858-8306-1812 | P32: 317222010006 | Q32: lemonlover76@gmail.com | R32: 80.00 | S32: 2025-11-21 16:55:53 | T32: 2025-11-21 17:26:59 | U32: 31.1 | V32: 0 | W32: Disetujui | X32: 20251205 18:44:40 | Y32: =IF(N32="",M32,N32) -> Kader PKK / Karang Taruna / Kader Lainnya | Z32: =VLOOKUP(H32,'[1]KELAS (REF) 1080'!$Q:$R,2,FALSE) -> #REF!
A33: Andhita Resha Kusuma | B33: Mitra (Pendataan dan Pengolahan) | C33: Diterima | D33: Mitra (Pendataan dan Pengolahan) | E33: Jl masjid Sabilillah gang remaja | F33: 31 | G33: 72 | H33: 040 | I33: 005 | J33: JAKARTA TIMUR, 03 Juli 1997 (29) | K33: Pr | L33: Tamat SMA/Sederajat | M33: Mengurus Rumah Tangga | O33: +62 895-2054-2418 | P33: 317222010444 | Q33: dhitaandhita1803@gmail.com | R33: 93.33 | S33: 2025-11-18 11:06:43 | T33: 2025-11-18 11:24:56 | U33: 18.216667 | V33: 0 | W33: Disetujui | X33: 20251205 17:03:20 | Y33: =IF(N33="",M33,N33) -> Mengurus Rumah Tangga | Z33: =VLOOKUP(H33,'[1]KELAS (REF) 1080'!$Q:$R,2,FALSE) -> #REF!
A34: Anggita fatmawanti | B34: Mitra (Pendataan dan Pengolahan) | C34: Diterima | D34: Mitra (Pendataan dan Pengolahan) | E34: Jl.kebon kelapa Gang.oyot 1 No.25 | F34: 31 | G34: 72 | H34: 100 | I34: 005 | J34: , 20 November 1985 (41) | K34: Pr | L34: Tamat SMA/Sederajat | M34: Mengurus Rumah Tangga | O34: 81380111995 | P34: 317222090589 | Q34: anggitafatmawati10@gmail.com | R34: 93.33 | S34: 2025-11-21 15:00:24 | T34: 2025-11-21 15:23:49 | U34: 23.416667 | V34: 0 | W34: Disetujui | X34: 20251204 13:02:28 | Y34: =IF(N34="",M34,N34) -> Mengurus Rumah Tangga | Z34: =VLOOKUP(H34,'[1]KELAS (REF) 1080'!$Q:$R,2,FALSE) -> #REF!
A35: Anggita Septiani | B35: Mitra (Pendataan dan Pengolahan) | C35: Diterima | D35: Mitra (Pendataan dan Pengolahan) | E35: Jl. H. Yahya dalam II No. 51E RT 14 RW 10 | F35: 31 | G35: 72 | H35: 060 | I35: 001 | J35: JAKARTA TIMUR, 17 September 2002 (24) | K35: Pr | L35: Tamat SMA/Sederajat | M35: Pelajar / Mahasiswa | O35: +62 812-1379-7684 | P35: 317222091450 | Q35: Septianianggita806@gmail.com | R35: 93.33 | S35: 2025-11-21 16:17:42 | T35: 2025-11-21 16:31:38 | U35: 13.933333 | V35: 0 | W35: Disetujui | X35: 20251204 14:17:42 | Y35: =IF(N35="",M35,N35) -> Pelajar / Mahasiswa | Z35: =VLOOKUP(H35,'[1]KELAS (REF) 1080'!$Q:$R,2,FALSE) -> #REF!
A36: Ani Muryani | B36: Mitra (Pendataan dan Pengolahan) | C36: Diterima | D36: Mitra (Pendataan dan Pengolahan) | E36: jl. inspeksi kali Sunter No. 18 RT. 006/01 | F36: 31 | G36: 72 | H36: 090 | I36: 007 | J36: JAKARTA TIMUR, 20 Mei 1982 (44) | K36: Pr | L36: Tamat SMA/Sederajat | M36: Mengurus Rumah Tangga | O36: +62 888-8525-187 | P36: 317222040007 | Q36: animuryani82@gmail.com | R36: 93.33 | S36: 2025-11-18 11:02:37 | T36: 2025-11-18 11:36:13 | U36: 33.6 | V36: 0 | W36: Disetujui | X36: 20251204 16:35:04 | Y36: =IF(N36="",M36,N36) -> Mengurus Rumah Tangga | Z36: =VLOOKUP(H36,'[1]KELAS (REF) 1080'!$Q:$R,2,FALSE) -> #REF!
A37: Ani Nusantari | B37: Mitra (Pendataan dan Pengolahan) | C37: Diterima | D37: Mitra (Pendataan dan Pengolahan) | E37: Jl. Cipinang Asem RT 008 RW 012 | F37: 31 | G37: 72 | H37: 040 | I37: 003 | J37: SEMARANG, 12 November 1979 (47) | K37: Pr | L37: Tamat SMA/Sederajat | M37: Mengurus Rumah Tangga | O37: +62 878-8968-0432 | P37: 317223070003 | Q37: atari5060@gmail.com | R37: 100.00 | S37: 2025-11-21 13:30:30 | T37: 2025-11-21 14:01:00 | U37: 30.5 | V37: 0 | W37: Disetujui | X37: 20251205 16:26:18 | Y37: =IF(N37="",M37,N37) -> Mengurus Rumah Tangga | Z37: =VLOOKUP(H37,'[1]KELAS (REF) 1080'!$Q:$R,2,FALSE) -> #REF!
A38: Anicah | B38: Mitra Pendataan | C38: Diterima | D38: Mitra Pendataan | E38: Jln. Kebon Sereh Barat no.6 rt 008 rw 10 | F38: 31 | G38: 72 | H38: 100 | I38: 003 | J38: SUMEDANG, 04 Februari 1967 (59) | K38: Pr | L38: Tamat SMA/Sederajat | M38: Mengurus Rumah Tangga | O38: +62 858-1165-3188 | P38: 317223050005 | Q38: anicahendar@gmail.com | R38: 80.00 | S38: 2025-11-19 11:04:01 | T38: 2025-11-19 11:50:21 | U38: 46.333333 | V38: 0 | W38: Disetujui | X38: 20251204 09:59:29 | Y38: =IF(N38="",M38,N38) -> Mengurus Rumah Tangga | Z38: =VLOOKUP(H38,'[1]KELAS (REF) 1080'!$Q:$R,2,FALSE) -> #REF!
A39: Anita Damayanti | B39: Mitra (Pendataan dan Pengolahan) | C39: Diterima | D39: Mitra (Pendataan dan Pengolahan) | E39: Jl tipar kp raden rt 007/07 | F39: 31 | G39: 72 | H39: 010 | I39: 001 | J39: JAKARTA TIMUR, 09 April 1979 (47) | K39: Pr | L39: Tamat SMA/Sederajat | M39: Kader PKK / Karang Taruna / Kader Lainnya | O39: +62 812-1363-107 | P39: 317222010460 | Q39: damayantianita0@gmail.com | R39: 93.33 | S39: 2025-11-21 15:02:10 | T39: 2025-11-21 15:34:33 | U39: 32.383333 | V39: 0 | W39: Disetujui | X39: 20251204 12:32:48 | Y39: =IF(N39="",M39,N39) -> Kader PKK / Karang Taruna / Kader Lainnya | Z39: =VLOOKUP(H39,'[1]KELAS (REF) 1080'!$Q:$R,2,FALSE) -> #REF!
... A41: Annisa Luna Felita | B41: Mitra (Pendataan dan Pengolahan) | C41: Diterima | D41: Mitra (Pendataan dan Pengolahan) | E41: Jalan Kerja Bakti Nomor 28 Rt 001/ Rw 02 | F41: 31 | G41: 72 | H41: 040 | I41: 002 | J41: , 19 April 2007 (19) | K41: Pr | L41: Tamat SMA/Sederajat | M41: Pelajar / Mahasiswa | O41: +62 858-9362-9852 | P41: 317225050081 | Q41: fela2516@gmail.com | R41: 96.67 | S41: 2025-11-20 15:02:36 | T41: 2025-11-20 16:01:21 | U41: 58.75 | V41: 0 | W41: Disetujui | X41: 20251205 17:38:40 | Y41: =IF(N41="",M41,N41) -> Pelajar / Mahasiswa | Z41: =VLOOKUP(H41,'[1]KELAS (REF) 1080'!$Q:$R,2,FALSE) -> #REF!
A42: Anton Rifai | B42: Mitra Pendataan | C42: Diterima | D42: Mitra Pendataan | E42: Jalan Tanah Rendah No.30 RT.16/07 | F42: 31 | G42: 72 | H42: 060 | I42: 008 | J42: JAKARTA TIMUR, 01 Februari 1982 (44) | K42: Lk | L42: Tamat D4/S1 | M42: Lainnya | N42: Driver Online | O42: +62 852-8598-4996 | P42: 317222010043 | Q42: rifa.indah212@gmail.com | R42: 96.67 | S42: 2025-11-25 11:00:25 | T42: 2025-11-25 11:26:12 | U42: 25.783333 | V42: 0 | W42: Disetujui | X42: 20251204 13:42:25 | Y42: =IF(N42="",M42,N42) -> Driver Online | Z42: =VLOOKUP(H42,'[1]KELAS (REF) 1080'!$Q:$R,2,FALSE) -> #REF!
A43: ANTONIA PENI | B43: Mitra (Pendataan dan Pengolahan) | C43: Diterima | D43: Mitra (Pendataan dan Pengolahan) | E43: Jl. Tanah Merdeka 1 No.23 | F43: 31 | G43: 72 | H43: 020 | I43: 005 | J43: JAKARTA TIMUR, 30 Maret 1982 (44) | K43: Pr | L43: Tamat SMA/Sederajat | M43: Kader PKK / Karang Taruna / Kader Lainnya | O43: +62 821-1313-1295 | P43: 317222092311 | Q43: benolonpeni30@gmail.com | R43: 86.67 | S43: 2025-11-25 13:00:08 | T43: 2025-11-25 13:22:14 | U43: 22.1 | V43: 0 | W43: Disetujui | X43: 20251204 10:59:10 | Y43: =IF(N43="",M43,N43) -> Kader PKK / Karang Taruna / Kader Lainnya | Z43: =VLOOKUP(H43,'[1]KELAS (REF) 1080'!$Q:$R,2,FALSE) -> #REF!
A44: Arfianti Putri Utami | B44: Mitra (Pendataan dan Pengolahan) | C44: Diterima | D44: Mitra (Pendataan dan Pengolahan) | E44: Jalan jengki Cipinang Asem No. 37 | F44: 31 | G44: 72 | H44: 040 | I44: 003 | J44: JAKARTA TIMUR, 04 Februari 1998 (28) | K44: Pr | L44: Tamat D4/S1 | M44: Lainnya | N44: Belum bekerja | O44: +62 816-1762-9010 | P44: 317222010427 | Q44: arfiantiputriutami151@gmail.com | R44: 90.00 | S44: 2025-11-25 10:39:42 | T44: 2025-11-25 11:10:36 | U44: 30.9 | V44: 0 | W44: Disetujui | X44: 20251204 10:15:18 | Y44: =IF(N44="",M44,N44) -> Belum bekerja | Z44: =VLOOKUP(H44,'[1]KELAS (REF) 1080'!$Q:$R,2,FALSE) -> #REF!
A45: ari dwi prasetyo | B45: Mitra (Pendataan dan Pengolahan) | C45: Diterima | D45: Mitra (Pendataan dan Pengolahan) | E45: Jln. Cipinang Lontar No.07 Rt012 / Rw006 | F45: 31 | G45: 72 | H45: 060 | I45: 004 | J45: SUKOHARJO, 31 Januari 1999 (26) | K45: Lk | L45: Tamat SMA/Sederajat | M45: Wiraswasta | O45: +62 878-0551-8614 | P45: 317222110115 | Q45: prasetyodwiari@gmail.com | R45: 86.67 | S45: 2025-11-26 07:01:51 | T45: 2025-11-26 07:24:54 | U45: 23.05 | V45: 0 | W45: Disetujui | X45: 20251205 11:32:59 | Y45: =IF(N45="",M45,N45) -> Wiraswasta | Z45: =VLOOKUP(H45,'[1]KELAS (REF) 1080'!$Q:$R,2,FALSE) -> #REF!
A46: Ari setiyaningsih | B46: Mitra Pendataan | C46: Diterima | D46: Mitra Pendataan | E46: Jalan jati perwira no 2 RT 10 RW 03 kelurahan jati kecamatan pulogadung | F46: 31 | G46: 72 | H46: 090 | I46: 004 | J46: JAKARTA TIMUR, 20 September 1984 (42) | K46: Pr | L46: Tamat D1/D2/D3 | M46: Kader PKK / Karang Taruna / Kader Lainnya | O46: +62 081-3194-05467 | P46: 317222090600 | Q46: ariesmamaibra@gmail.com | R46: 80.00 | S46: 2025-11-21 11:54:20 | T46: 2025-11-21 12:18:54 | U46: 24.566667 | V46: 0 | W46: Disetujui | X46: 20251205 13:07:45 | Y46: =IF(N46="",M46,N46) -> Kader PKK / Karang Taruna / Kader Lainnya | Z46: =VLOOKUP(H46,'[1]KELAS (REF) 1080'!$Q:$R,2,FALSE) -> #REF!
A47: Aris Iskandar | B47: Mitra (Pendataan dan Pengolahan) | C47: Diterima | D47: Mitra (Pendataan dan Pengolahan) | E47: Jalan Amil Wahab RT.004 RW.009 No.54 | F47: 31 | G47: 72 | H47: 050 | I47: 005 | J47: JAKARTA TIMUR, 17 September 1985 (41) | K47: Lk | L47: Tamat SMA/Sederajat | M47: Lainnya | N47: Karyawan swasta | O47: +62 812-1085-9550 | P47: 317222010345 | Q47: aris_mkstour@yahoo.co.id | R47: 90.00 | S47: 2025-11-20 13:07:43 | T47: 2025-11-20 13:27:08 | U47: 19.416667 | V47: 0 | W47: Disetujui | X47: 20251204 21:46:22 | Y47: =IF(N47="",M47,N47) -> Karyawan swasta | Z47: =VLOOKUP(H47,'[1]KELAS (REF) 1080'!$Q:$R,2,FALSE) -> #REF!
A48: ARLIYANTI | B48: Mitra (Pendataan dan Pengolahan) | C48: Diterima | D48: Mitra (Pendataan dan Pengolahan) | E48: Jl. SMP 188 RT002/RW04 NO.12 | F48: 31 | G48: 72 | H48: 020 | I48: 005 | J48: JAKARTA TIMUR, 05 Juli 1971 (55) | K48: Pr | L48: Tamat D1/D2/D3 | M48: Kader PKK / Karang Taruna / Kader Lainnya | O48: +62 878-8575-4379 | P48: 317222091076 | Q48: arliyanti799@gmail.com | R48: 93.33 | S48: 2025-11-19 15:05:18 | T48: 2025-11-19 15:35:23 | U48: 30.083333 | V48: 0 | W48: Disetujui | X48: 20251204 09:13:48 | Y48: =IF(N48="",M48,N48) -> Kader PKK / Karang Taruna / Kader Lainnya | Z48: =VLOOKUP(H48,'[1]KELAS (REF) 1080'!$Q:$R,2,FALSE) -> #REF!
A49: Armawati | B49: Mitra Pendataan | C49: Diterima | D49: Mitra Pendataan | E49: Jl KALISARI ASRI RT 012 RW 003 | F49: 31 | G49: 72 | H49: 010 | I49: 002 | J49: , 04 Mei 1992 (34) | K49: Pr | L49: Tamat D4/S1 | M49: Wiraswasta | O49: +62 813-1721-9994 | P49: 317223070002 | Q49: hamzahjasmin51@gmail.com | R49: 93.33 | S49: 2025-11-19 11:00:05 | T49: 2025-11-19 11:32:38 | U49: 32.55 | V49: 0 | W49: Disetujui | X49: 20251204 09:43:55 | Y49: =IF(N49="",M49,N49) -> Wiraswasta | Z49: =VLOOKUP(H49,'[1]KELAS (REF) 1080'!$Q:$R,2,FALSE) -> #REF!
A50: AROCHMAN | B50: Mitra (Pendataan dan Pengolahan) | C50: Diterima | D50: Mitra (Pendataan dan Pengolahan) | E50: Jalan Trikora 3 no 149 | F50: 31 | G50: 72 | H50: 010 | I50: 005 | J50: JAKARTA UTARA, 15 Juli 1976 (50) | K50: Lk | L50: Tamat SMA/Sederajat | M50: Kader PKK / Karang Taruna / Kader Lainnya | O50: +62 813-1796-0293 | P50: 317222020078 | Q50: arochman888@gmail.com | R50: 90.00 | S50: 2025-11-21 15:08:54 | T50: 2025-11-21 15:30:17 | U50: 21.383333 | V50: 0 | W50: Disetujui | X50: 20251204 09:19:06 | Y50: =IF(N50="",M50,N50) -> Kader PKK / Karang Taruna / Kader Lainnya | Z50: =VLOOKUP(H50,'[1]KELAS (REF) 1080'!$Q:$R,2,FALSE) -> #REF!
A51: Artaty | B51: Mitra Pendataan | C51: Diterima | D51: Mitra Pendataan | E51: Jalan Plapon V No. 14 | F51: 31 | G51: 72 | H51: 090 | I51: 006 | J51: JAKARTA TIMUR, 14 Januari 1970 (55) | K51: Pr | L51: Tamat D4/S1 | M51: Mengurus Rumah Tangga | O51: +62 081-5860-46086 | P51: 317222010330 | Q51: taartaty@gmail.com | R51: 86.67 | S51: 2025-11-21 13:00:11 | T51: 2025-11-21 13:39:34 | U51: 39.383333 | V51: 0 | W51: Disetujui | X51: 20251204 21:09:29 | Y51: =IF(N51="",M51,N51) -> Mengurus Rumah Tangga | Z51: =VLOOKUP(H51,'[1]KELAS (REF) 1080'!$Q:$R,2,FALSE) -> #REF!
A52: Asis Kurniasih | B52: Mitra Pendataan | C52: Diterima | D52: Mitra Pendataan | E52: Jl. Raya Pulogebang Kp. Kandang Besar RT. 12/04 | F52: 31 | G52: 72 | H52: 080 | I52: 004 | J52: , 12 Agustus 1979 (47) | K52: Pr | L52: Tamat SMA/Sederajat | M52: Kader PKK / Karang Taruna / Kader Lainnya | O52: +62 878-7202-9699 | P52: 317222040062 | Q52: asiskurniasih79@gmail.com | R52: 86.67 | S52: 2025-11-18 15:21:31 | T52: 2025-11-18 15:53:02 | U52: 31.516667 | V52: 0 | W52: Disetujui | X52: 20251204 18:16:46 | Y52: =IF(N52="",M52,N52) -> Kader PKK / Karang Taruna / Kader Lainnya | Z52: =VLOOKUP(H52,'[1]KELAS (REF) 1080'!$Q:$R,2,FALSE) -> #REF!
A53: Asnawati | B53: Mitra (Pendataan dan Pengolahan) | C53: Diterima | D53: Mitra (Pendataan dan Pengolahan) | E53: Jl. Rukem jaya 1 rt002 rw08 no 13 | F53: 31 | G53: 72 | H53: 080 | I53: 004 | J53: JAKARTA TIMUR, 01 Desember 6119 (-4094) | K53: Pr | L53: Tamat SMA/Sederajat | M53: Kader PKK / Karang Taruna / Kader Lainnya | O53: +62 812-9546-1613 | P53: 317222060009 | Q53: asnawaati@gmail.com | R53: 86.67 | S53: 2025-11-18 12:06:42 | T53: 2025-11-18 12:43:46 | U53: 37.066667 | V53: 0 | W53: Disetujui | X53: 20251204 16:36:18 | Y53: =IF(N53="",M53,N53) -> Kader PKK / Karang Taruna / Kader Lainnya | Z53: =VLOOKUP(H53,'[1]KELAS (REF) 1080'!$Q:$R,2,FALSE) -> #REF!
A54: Asnuri | B54: Mitra (Pendataan dan Pengolahan) | C54: Diterima | D54: Mitra (Pendataan dan Pengolahan) | E54: Jl.kp Rawadas RT 004/003 | F54: 31 | G54: 72 | H54: 070 | I54: 004 | J54: JAKARTA TIMUR, 04 Februari 1989 (37) | K54: Pr | L54: Tamat D4/S1 | M54: Pegawai / Guru Honorer | O54: +62 815-2595-7367 | P54: 317222091050 | Q54: rafaasnuri@gmail.com | R54: 80.00 | S54: 2025-11-24 13:07:17 | T54: 2025-11-24 13:22:39 | U54: 15.366667 | V54: 0 | W54: Disetujui | X54: 20251204 10:45:11 | Y54: =IF(N54="",M54,N54) -> Pegawai / Guru Honorer | Z54: =VLOOKUP(H54,'[1]KELAS (REF) 1080'!$Q:$R,2,FALSE) -> #REF!
A55: Assumi faradiah oktaviani | B55: Mitra (Pendataan dan Pengolahan) | C55: Diterima | D55: Mitra (Pendataan dan Pengolahan) | E55: Jalan kampung rawadas gang madrasah IV rt 07/03 no 136a | F55: 31 | G55: 72 | H55: 070 | I55: 004 | J55: JAKARTA TIMUR, 28 Oktober 1988 (38) | K55: Pr | L55: Tamat SMA/Sederajat | M55: Mengurus Rumah Tangga | N55: 0 | O55: +62 856-9506-7724 | P55: 317222090854 | Q55: assumi88@gmail.com | R55: 96.67 | S55: 2025-11-21 15:44:25 | T55: 2025-11-21 15:55:49 | U55: 11.4 | V55: 0 | W55: Disetujui | X55: 20251204 19:35:48 | Y55: =IF(N55="",M55,N55) -> 0 | Z55: =VLOOKUP(H55,'[1]KELAS (REF) 1080'!$Q:$R,2,FALSE) -> #REF!
A56: Atriana Dewi | B56: Mitra (Pendataan dan Pengolahan) | C56: Diterima | D56: Mitra (Pendataan dan Pengolahan) | E56: jln moncokerto 8 no 6 RT 01/RW 13 | F56: 31 | G56: 72 | H56: 100 | I56: 005 | J56: JAKARTA TIMUR, 17 April 1971 (55) | K56: Pr | L56: Tamat SMA/Sederajat | M56: Wiraswasta | O56: +62 813-9839-2217 | P56: 317222010193 | Q56: atrianadewi17@gmail.com | R56: 83.33 | S56: 2025-11-20 15:04:39 | T56: 2025-11-20 16:01:31 | U56: 56.866667 | V56: 0 | W56: Disetujui | X56: 20251204 11:21:48 | Y56: =IF(N56="",M56,N56) -> Wiraswasta | Z56: =VLOOKUP(H56,'[1]KELAS (REF) 1080'!$Q:$R,2,FALSE) -> #REF!
A57: Ayu Rahayu | B57: Mitra (Pendataan dan Pengolahan) | C57: Diterima | D57: Mitra (Pendataan dan Pengolahan) | E57: Jl. Pancawarga 4 RT 003 RW 03 no. 8a | F57: 31 | G57: 72 | H57: 060 | I57: 003 | J57: JAKARTA TIMUR, 27 Agustus 1990 (36) | K57: Pr | L57: Tamat D1/D2/D3 | M57: Mengurus Rumah Tangga | O57: +62 856-9573-8738 | P57: 317222091929 | Q57: ayunaunk@gmail.com | R57: 100.00 | S57: 2025-11-21 13:00:15 | T57: 2025-11-21 13:35:19 | U57: 35.066667 | V57: 0 | W57: Disetujui | X57: 20251206 12:17:32 | Y57: =IF(N57="",M57,N57) -> Mengurus Rumah Tangga | Z57: =VLOOKUP(H57,'[1]KELAS (REF) 1080'!$Q:$R,2,FALSE) -> #REF!
A58: Azizah | B58: Mitra (Pendataan dan Pengolahan) | C58: Diterima | D58: Mitra (Pendataan dan Pengolahan) | E58: Kp. Pisangan RT 001 RW 004 | F58: 31 | G58: 72 | H58: 080 | I58: 002 | J58: JAKARTA TIMUR, 24 Februari 2001 (25) | K58: Pr | L58: Tamat D4/S1 | M58: Lainnya | N58: Belum Bekerja | O58: +62 813-1166-5800 | P58: 317225050008 | Q58: azizahazz123@gmail.com | R58: 93.33 | S58: 2025-11-19 15:08:12 | T58: 2025-11-19 15:32:25 | U58: 24.216667 | V58: 0 | W58: Disetujui | X58: 20251204 17:39:49 | Y58: =IF(N58="",M58,N58) -> Belum Bekerja | Z58: =VLOOKUP(H58,'[1]KELAS (REF) 1080'!$Q:$R,2,FALSE) -> #REF!
A59: Bambang Sutopo | B59: Mitra (Pendataan dan Pengolahan) | C59: Diterima | D59: Mitra (Pendataan dan Pengolahan) | E59: jalan batu jamrud 1 nomor 3B RT 007 rw 010 kayu putih jakarta timur | F59: 31 | G59: 72 | H59: 090 | I59: 006 | J59: JAKARTA TIMUR, 17 April 1964 (62) | K59: Lk | L59: Tamat SMA/Sederajat | M59: Lainnya | N59: pensiunan bps | O59: +62 081-3170-21702 | P59: 317222050019 | Q59: bambangsutopo1964@gmail.com | R59: 80.00 | S59: 2025-11-18 15:11:36 | T59: 2025-11-18 16:09:06 | U59: 57.5 | V59: 0 | W59: Disetujui | X59: 20251205 15:00:46 | Y59: =IF(N59="",M59,N59) -> pensiunan bps | Z59: =VLOOKUP(H59,'[1]KELAS (REF) 1080'!$Q:$R,2,FALSE) -> #REF!
A60: Bayu Anugerah Ananda | B60: Mitra (Pendataan dan Pengolahan) | C60: Diterima | D60: Mitra (Pendataan dan Pengolahan) | E60: Jalan Pulomas Barat V No. 58 | F60: 31 | G60: 72 | H60: 090 | I60: 006 | J60: JAKARTA PUSAT, 10 Agustus 2000 (26) | K60: Lk | L60: Tamat D4/S1 | M60: Lainnya | N60: Freelance | O60: +62 858-8788-8159 | P60: 317222101040 | Q60: bayuanugerah29@gmail.com | R60: 86.67 | S60: 2025-11-24 09:15:09 | T60: 2025-11-24 10:21:01 | U60: 65.866667 | V60: 0 | W60: Disetujui | X60: 20251204 15:08:52 | Y60: =IF(N60="",M60,N60) -> Freelance | Z60: =VLOOKUP(H60,'[1]KELAS (REF) 1080'!$Q:$R,2,FALSE) -> #REF!
A61: Bayu Erlangga | B61: Mitra (Pendataan dan Pengolahan) | C61: Diterima | D61: Mitra (Pendataan dan Pengolahan) | E61: Jl. Balai Rakyat. RT 10, RW 09. No 10 | F61: 31 | G61: 72 | H61: 070 | I61: 007 | J61: JAKARTA TIMUR, 05 Mei 1995 (31) | K61: Lk | L61: Tamat D4/S1 | M61: Lainnya | N61: Freelance | O61: +62 818-0709-4032 | P61: 317222110032 | Q61: bayuerlangga0505@gmail.com | R61: 100.00 | S61: 2025-11-19 13:22:17 | T61: 2025-11-19 13:45:21 | U61: 23.066667 | V61: 0 | W61: Disetujui | X61: 20251205 00:19:34 | Y61: =IF(N61="",M61,N61) -> Freelance | Z61: =VLOOKUP(H61,'[1]KELAS (REF) 1080'!$Q:$R,2,FALSE) -> #REF!
A62: BERI SOBARI | B62: Mitra (Pendataan dan Pengolahan) | C62: Diterima | D62: Mitra (Pendataan dan Pengolahan) | E62: KP.BARU TIPAR CAKUNG RT 001/007 | F62: 31 | G62: 72 | H62: 080 | I62: 006 | J62: JAKARTA TIMUR, 24 Januari 1983 (42) | K62: Lk | L62: Tamat SMA/Sederajat | M62: Wiraswasta | O62: +62 856-9196-8781 | P62: 317222092115 | Q62: barykey83@gmail.com | R62: 90.00 | S62: 2025-11-21 08:39:14 | T62: 2025-11-21 08:52:24 | U62: 13.166667 | V62: 0 | W62: Disetujui | X62: 20251204 19:03:45 | Y62: =IF(N62="",M62,N62) -> Wiraswasta | Z62: =VLOOKUP(H62,'[1]KELAS (REF) 1080'!$Q:$R,2,FALSE) -> #REF!
A63: Bety Muridiningrum | B63: Mitra (Pendataan dan Pengolahan) | C63: Diterima | D63: Mitra (Pendataan dan Pengolahan) | E63: GG.asam baris 2 no. 11 rt.008/011 | F63: 31 | G63: 72 | H63: 010 | I63: 005 | J63: BOYOLALI, 13 Oktober 1972 (54) | K63: Pr | L63: Tamat SMA/Sederajat | M63: Kader PKK / Karang Taruna / Kader Lainnya | O63: +62 895-3928-9263 | P63: 317222100029 | Q63: betymuridi13@gmail.com | R63: 93.33 | S63: 2025-11-21 15:06:22 | T63: 2025-11-21 15:29:09 | U63: 22.783333 | V63: 0 | W63: Disetujui | X63: 20251204 22:27:32 | Y63: =IF(N63="",M63,N63) -> Kader PKK / Karang Taruna / Kader Lainnya | Z63: =VLOOKUP(H63,'[1]KELAS (REF) 1080'!$Q:$R,2,FALSE) -> #REF!
A64: BUDI KRISTIANA | B64: Mitra (Pendataan dan Pengolahan) | C64: Diterima | D64: Mitra (Pendataan dan Pengolahan) | E64: Jl. Anggrek No. 32 RT 003 RW 002 | F64: 31 | G64: 72 | H64: 020 | I64: 004 | J64: JAKARTA TIMUR, 27 Desember 1970 (56) | K64: Pr | L64: Tamat SMA/Sederajat | M64: Kader PKK / Karang Taruna / Kader Lainnya | O64: +62 821-1300-6187 | P64: 317222010018 | Q64: budhikristiana1@gmail.com | R64: 80.00 | S64: 2025-11-20 13:00:08 | T64: 2025-11-20 13:35:05 | U64: 34.95 | V64: 0 | W64: Disetujui | X64: 20251204 09:11:32 | Y64: =IF(N64="",M64,N64) -> Kader PKK / Karang Taruna / Kader Lainnya | Z64: =VLOOKUP(H64,'[1]KELAS (REF) 1080'!$Q:$R,2,FALSE) -> #REF!
A65: Budi Lestari S, S.Sos | B65: Mitra (Pendataan dan Pengolahan) | C65: Diterima | D65: Mitra (Pendataan dan Pengolahan) | E65: Bulak Indah RT. 002 RW. 05 | F65: 31 | G65: 72 | H65: 080 | I65: 005 | J65: JAKARTA UTARA, 28 Juni 1972 (54) | K65: Pr | L65: Tamat D4/S1 | M65: Kader PKK / Karang Taruna / Kader Lainnya | O65: +62 089-9972-1917 | P65: 317222010131 | Q65: blestari06@gmail.com | R65: 100.00 | S65: 2025-11-18 15:04:28 | T65: 2025-11-18 15:45:24 | U65: 40.933333 | V65: 0 | W65: Disetujui | X65: 20251204 17:09:37 | Y65: =IF(N65="",M65,N65) -> Kader PKK / Karang Taruna / Kader Lainnya | Z65: =VLOOKUP(H65,'[1]KELAS (REF) 1080'!$Q:$R,2,FALSE) -> #REF!
A66: Bunga Violetta juret | B66: Mitra (Pendataan dan Pengolahan) | C66: Diterima | D66: Mitra (Pendataan dan Pengolahan) | E66: Jl. Mundu no. 3 | F66: 31 | G66: 72 | H66: 050 | I66: 003 | J66: JAKARTA TIMUR, 26 Juli 2002 (24) | K66: Pr | L66: Tamat SMA/Sederajat | M66: Pelajar / Mahasiswa | O66: +62 818-0852-5569 | P66: 317222010023 | Q66: bunga.violetta26@gmail.com | R66: 96.67 | S66: 2025-11-20 15:52:10 | T66: 2025-11-20 16:14:15 | U66: 22.083333 | V66: 0 | W66: Disetujui | X66: 20251204 18:54:28 | Y66: =IF(N66="",M66,N66) -> Pelajar / Mahasiswa | Z66: =VLOOKUP(H66,'[1]KELAS (REF) 1080'!$Q:$R,2,FALSE) -> #REF!
A67: Bustanul Arifin Siregar | B67: Mitra (Pendataan dan Pengolahan) | C67: Diterima | D67: Mitra (Pendataan dan Pengolahan) | E67: Jalan Swakarsa IB No.25B | F67: 31 | G67: 72 | H67: 070 | I67: 003 | J67: PADANGSIDIMPUAN, 11 Agustus 1977 (49) | K67: Lk | L67: Tamat D1/D2/D3 | M67: Lainnya | N67: Pengajar informal les privat | O67: +62 088-1152-2104 | P67: 317222010377 | Q67: ipin72gar@gmail.com | R67: 100.00 | S67: 2025-11-21 09:24:23 | T67: 2025-11-21 09:49:56 | U67: 25.55 | V67: 0 | W67: Disetujui | X67: 20251204 14:09:18 | Y67: =IF(N67="",M67,N67) -> Pengajar informal les privat | Z67: =VLOOKUP(H67,'[1]KELAS (REF) 1080'!$Q:$R,2,FALSE) -> #REF!
A68: CHAIRANI | B68: Mitra (Pendataan dan Pengolahan) | C68: Diterima | D68: Mitra (Pendataan dan Pengolahan) | E68: Jalan pahlawan komarudin rt 14 rw 5 | F68: 31 | G68: 72 | H68: 080 | I68: 003 | J68: JAKARTA TIMUR, 06 Februari 1980 (46) | K68: Pr | L68: Tamat SMA/Sederajat | M68: Mengurus Rumah Tangga | O68: +62 877-7076-3420 | P68: 317222092473 | Q68: Chairani0602@gmail.com | R68: 100.00 | S68: 2025-11-20 15:22:55 | T68: 2025-11-20 15:48:49 | U68: 25.9 | V68: 0 | W68: Disetujui | X68: 20251205 14:39:28 | Y68: =IF(N68="",M68,N68) -> Mengurus Rumah Tangga | Z68: =VLOOKUP(H68,'[1]KELAS (REF) 1080'!$Q:$R,2,FALSE) -> #REF!
A69: Chairiza Fajriana | B69: Mitra (Pendataan dan Pengolahan) | C69: Diterima | D69: Mitra (Pendataan dan Pengolahan) | E69: Jalan Raya Bogor Km. 26,5 RT 004 RW 008 No. 2 | F69: 31 | G69: 72 | H69: 010 | I69: 001 | J69: JAKARTA TIMUR, 25 Agustus 1996 (30) | K69: Pr | L69: Tamat D1/D2/D3 | M69: Wiraswasta | O69: +62 895-3286-66490 | P69: 317222091269 | Q69: chairizaaa25@gmail.com | R69: 86.67 | S69: 2025-11-19 15:04:55 | T69: 2025-11-19 15:50:57 | U69: 46.033333 | V69: 0 | W69: Disetujui | X69: 20251204 21:47:34 | Y69: =IF(N69="",M69,N69) -> Wiraswasta | Z69: =VLOOKUP(H69,'[1]KELAS (REF) 1080'!$Q:$R,2,FALSE) -> #REF!
A70: Chairul Fatwa | B70: Mitra (Pendataan dan Pengolahan) | C70: Diterima | D70: Mitra (Pendataan dan Pengolahan) | E70: Jl Kayu IX no 12 | F70: 31 | G70: 72 | H70: 090 | I70: 006 | J70: JAKARTA TIMUR, 16 Desember 1993 (33) | K70: Lk | L70: Tamat D4/S1 | M70: Pelajar / Mahasiswa | O70: +62 821-2426-0793 | P70: 317222010161 | Q70: chairul1693@gmail.com | R70: 93.33 | S70: 2025-11-20 15:15:45 | T70: 2025-11-20 15:35:07 | U70: 19.366667 | V70: 0 | W70: Disetujui | X70: 20251204 17:51:14 | Y70: =IF(N70="",M70,N70) -> Pelajar / Mahasiswa | Z70: =VLOOKUP(H70,'[1]KELAS (REF) 1080'!$Q:$R,2,FALSE) -> #REF!
A71: CHANIFAH | B71: Mitra (Pendataan dan Pengolahan) | C71: Diterima | D71: Mitra (Pendataan dan Pengolahan) | E71: Jalan kayu Mas Rt003/004 No.37 Pulogadung | F71: 31 | G71: 72 | H71: 090 | I71: 007 | J71: KEBUMEN, 08 September 1984 (42) | K71: Pr | L71: Tamat SMA/Sederajat | M71: Mengurus Rumah Tangga | O71: +62 087-8872-70994 | P71: 317222090376 | Q71: aniefchanifah@gmail.com | R71: 93.33 | S71: 2025-11-19 13:00:12 | T71: 2025-11-19 13:35:34 | U71: 35.366667 | V71: 0 | W71: Disetujui | X71: 20251204 15:32:27 | Y71: =IF(N71="",M71,N71) -> Mengurus Rumah Tangga | Z71: =VLOOKUP(H71,'[1]KELAS (REF) 1080'!$Q:$R,2,FALSE) -> #REF!
A72: Cintania Lusiana Sigalingging | B72: Mitra (Pendataan dan Pengolahan) | C72: Diterima | D72: Mitra (Pendataan dan Pengolahan) | E72: Jalan Baret Biru III | F72: 31 | G72: 72 | H72: 010 | I72: 002 | J72: TANJUNG PINANG, 13 Oktober 2003 (23) | K72: Pr | L72: Tamat SMA/Sederajat | M72: Pelajar / Mahasiswa | O72: +62 888-8927-151 | P72: 317222020041 | Q72: cintanialusiana221@gmail.com | R72: 93.33 | S72: 2025-11-25 15:35:51 | T72: 2025-11-25 15:48:59 | U72: 13.133333 | V72: 0 | W72: Disetujui | X72: 20251204 23:10:55 | Y72: =IF(N72="",M72,N72) -> Pelajar / Mahasiswa | Z72: =VLOOKUP(H72,'[1]KELAS (REF) 1080'!$Q:$R,2,FALSE) -> #REF!
A73: Cinthya shasha | B73: Mitra (Pendataan dan Pengolahan) | C73: Diterima | D73: Mitra (Pendataan dan Pengolahan) | E73: Kp.pedurenan rt010/06 | F73: 31 | G73: 72 | H73: 080 | I73: 007 | J73: JAKARTA TIMUR, 26 September 2001 (25) | K73: Pr | L73: Tamat SMA/Sederajat | M73: Mengurus Rumah Tangga | O73: +62 888-9263-784 | P73: 317222030013 | Q73: Cyntiashesa@gmail.com | R73: 96.67 | S73: 2025-11-19 13:02:06 | T73: 2025-11-19 13:10:40 | U73: 8.5666667 | V73: 0 | W73: Disetujui | X73: 20251204 10:41:30 | Y73: =IF(N73="",M73,N73) -> Mengurus Rumah Tangga | Z73: =VLOOKUP(H73,'[1]KELAS (REF) 1080'!$Q:$R,2,FALSE) -> #REF!
A74: Citra Kartika Eka Putri | B74: Mitra (Pendataan dan Pengolahan) | C74: Diterima | D74: Mitra (Pendataan dan Pengolahan) | E74: Cawang III RT.006/011 NO: 52 Cawang, Kramatjati. Jakarta Timur 13630 | F74: 31 | G74: 72 | H74: 050 | I74: 007 | J74: JAKARTA TIMUR, 19 September 1994 (32) | K74: Pr | L74: Tamat SMA/Sederajat | M74: Lainnya | N74: Pekerja Harian Lepas asisten dosen (dosennya om saya sendiri pak) | O74: +62 858-9121-1112 | P74: 317222090054 | Q74: ctikaputri19@gmail.com | R74: 86.67 | S74: 2025-11-19 13:06:31 | T74: 2025-11-19 13:45:28 | U74: 38.95 | V74: 0 | W74: Disetujui | X74: 20251204 14:21:29 | Y74: =IF(N74="",M74,N74) -> Pekerja Harian Lepas asisten dosen (dosennya om saya sendiri pak) | Z74: =VLOOKUP(H74,'[1]KELAS (REF) 1080'!$Q:$R,2,FALSE) -> #REF!
A75: David | B75: Mitra (Pendataan dan Pengolahan) | C75: Diterima | D75: Mitra (Pendataan dan Pengolahan) | E75: Cipinang Kebembem V | F75: 31 | G75: 72 | H75: 090 | I75: 001 | J75: JAKARTA TIMUR, 29 Maret 1988 (38) | K75: Lk | L75: Tamat SMA/Sederajat | M75: Wiraswasta | O75: +62 818-0446-8811 | P75: 317222040019 | Q75: dvanjennegan@gmail.com | R75: 90.00 | S75: 2025-11-19 15:00:30 | T75: 2025-11-19 15:27:02 | U75: 26.533333 | V75: 0 | W75: Disetujui | X75: 20251204 12:01:00 | Y75: =IF(N75="",M75,N75) -> Wiraswasta | Z75: =VLOOKUP(H75,'[1]KELAS (REF) 1080'!$Q:$R,2,FALSE) -> #REF!
A76: Dawiroh | B76: Mitra Pendataan | C76: Diterima | D76: Mitra Pendataan | E76: Jalan Pangkalam Jati | F76: 31 | G76: 72 | H76: 040 | I76: 005 | J76: JAKARTA TIMUR, 01 Januari 1970 (56) | K76: Pr | L76: Tamat SMA/Sederajat | M76: Kader PKK / Karang Taruna / Kader Lainnya | O76: +62 852-8031-4692 | P76: 317222040034 | Q76: dewiherwin@gmail.com | R76: 100.00 | S76: 2025-11-21 07:03:54 | T76: 2025-11-21 07:36:54 | U76: 33 | V76: 0 | W76: Disetujui | X76: 20251205 16:58:59 | Y76: =IF(N76="",M76,N76) -> Kader PKK / Karang Taruna / Kader Lainnya | Z76: =VLOOKUP(H76,'[1]KELAS (REF) 1080'!$Q:$R,2,FALSE) -> #REF!
A77: DEA WIDYANTI | B77: Mitra (Pendataan dan Pengolahan) | C77: Diterima | D77: Mitra (Pendataan dan Pengolahan) | E77: Kp Jembatan no 9B RT 02 RW 01 | F77: 31 | G77: 72 | H77: 080 | I77: 002 | J77: , 28 November 1998 (28) | K77: Pr | L77: Tamat D1/D2/D3 | M77: Lainnya | N77: Conten Creator | O77: +62 896-6351-0798 | P77: 317222040020 | Q77: deawidyanti@gmail.com | R77: 86.67 | S77: 2025-11-19 16:21:37 | T77: 2025-11-19 16:47:41 | U77: 26.066667 | V77: 0 | W77: Disetujui | X77: 20251204 17:49:27 | Y77: =IF(N77="",M77,N77) -> Conten Creator | Z77: =VLOOKUP(H77,'[1]KELAS (REF) 1080'!$Q:$R,2,FALSE) -> #REF!
A78: DEDE KURNIASIH SE | B78: Mitra (Pendataan dan Pengolahan) | C78: Diterima | D78: Mitra (Pendataan dan Pengolahan) | E78: KP JEMBATAN RT.006 RW.012 | F78: 31 | G78: 72 | H78: 080 | I78: 002 | J78: JAKARTA TIMUR, 13 Februari 1981 (45) | K78: Pr | L78: Tamat D4/S1 | M78: Mengurus Rumah Tangga | O78: +62 878-8633-7322 | P78: 317222090873 | Q78: dedekurniasih52@gmail.com | R78: 96.67 | S78: 2025-11-18 15:00:04 | T78: 2025-11-18 15:15:58 | U78: 15.9 | V78: 0 | W78: Disetujui | X78: 20251204 07:36:44 | Y78: =IF(N78="",M78,N78) -> Mengurus Rumah Tangga | Z78: =VLOOKUP(H78,'[1]KELAS (REF) 1080'!$Q:$R,2,FALSE) -> #REF!
A79: DEFI AGUSTIN | B79: Mitra (Pendataan dan Pengolahan) | C79: Diterima | D79: Mitra (Pendataan dan Pengolahan) | E79: Gang Kembang | F79: 31 | G79: 72 | H79: 100 | I79: 003 | J79: JAKARTA TIMUR, 27 Agustus 1981 (45) | K79: Pr | L79: Tamat SMA/Sederajat | M79: Kader PKK / Karang Taruna / Kader Lainnya | O79: +62 897-8166-249 | P79: 317222090186 | Q79: defiyumna3@gmail.com | R79: 90.00 | S79: 2025-11-24 11:02:12 | T79: 2025-11-24 11:21:58 | U79: 19.766667 | V79: 0 | W79: Disetujui | X79: 20251205 16:40:02 | Y79: =IF(N79="",M79,N79) -> Kader PKK / Karang Taruna / Kader Lainnya | Z79: =VLOOKUP(H79,'[1]KELAS (REF) 1080'!$Q:$R,2,FALSE) -> #REF!
A80: Dela Mardiana | B80: Mitra Pendataan | C80: Diterima | D80: Mitra Pendataan | E80: Jl. Tanah Manisan RT 001 RW 003 | F80: 31 | G80: 72 | H80: 060 | I80: 002 | J80: , 31 Januari 1995 (30) | K80: Pr | L80: Tamat SMA/Sederajat | M80: Kader PKK / Karang Taruna / Kader Lainnya | O80: +62 819-4423-1955 | P80: 317222100219 | Q80: deladelo52@gmail.com | R80: 96.67 | S80: 2025-11-20 09:27:24 | T80: 2025-11-20 09:40:10 | U80: 12.766667 | V80: 0 | W80: Disetujui | X80: 20251204 09:39:12 | Y80: =IF(N80="",M80,N80) -> Kader PKK / Karang Taruna / Kader Lainnya | Z80: =VLOOKUP(H80,'[1]KELAS (REF) 1080'!$Q:$R,2,FALSE) -> #REF!
A81: Derhana Siska | B81: Mitra (Pendataan dan Pengolahan) | C81: Diterima | D81: Mitra (Pendataan dan Pengolahan) | E81: KRAMAT JATI | F81: 31 | G81: 72 | H81: 050 | I81: 010 | J81: LANGKAT, 13 April 1978 (48) | K81: Pr | L81: Tamat SMA/Sederajat | M81: Mengurus Rumah Tangga | O81: +62 853-1393-2245 | P81: 317222070003 | Q81: siskakarnelia7@gmail.com | R81: 93.33 | S81: 2025-11-20 07:09:35 | T81: 2025-11-20 07:52:25 | U81: 42.833333 | V81: 0 | W81: Disetujui | X81: 20251204 22:00:53 | Y81: =IF(N81="",M81,N81) -> Mengurus Rumah Tangga | Z81: =VLOOKUP(H81,'[1]KELAS (REF) 1080'!$Q:$R,2,FALSE) -> #REF!
A82: Desi Arum sari | B82: Mitra (Pendataan dan Pengolahan) | C82: Diterima | D82: Mitra (Pendataan dan Pengolahan) | E82: Jl kramat asem RT 003 / RW 004 | F82: 31 | G82: 72 | H82: 100 | I82: 005 | J82: JAKARTA TIMUR, 07 Desember 1976 (50) | K82: Pr | L82: Tamat SMA/Sederajat | M82: Wiraswasta | O82: +62 838-0636-7302 | P82: 317222010204 | Q82: desisuntix76@gmail.com | R82: 60.00 | S82: 2025-11-21 15:01:17 | T82: 2025-11-21 15:21:44 | U82: 20.45 | V82: 0 | W82: Disetujui | X82: 20251204 11:14:46 | Y82: =IF(N82="",M82,N82) -> Wiraswasta | Z82: =VLOOKUP(H82,'[1]KELAS (REF) 1080'!$Q:$R,2,FALSE) -> #REF!
A83: Dessy geerce | B83: Mitra (Pendataan dan Pengolahan) | C83: Diterima | D83: Mitra (Pendataan dan Pengolahan) | E83: Jl. Masjid al umar 2 rt 003/012 | F83: 31 | G83: 72 | H83: 030 | I83: 008 | J83: JAKARTA TIMUR, 12 Juni 1987 (39) | K83: Pr | L83: Tamat SMA/Sederajat | M83: Mengurus Rumah Tangga | O83: +62 812-8329-6780 | P83: 317222010126 | Q83: dessy120687@gmail.com | R83: 86.67 | S83: 2025-11-21 11:11:24 | T83: 2025-11-21 11:53:44 | U83: 42.333333 | V83: 0 | W83: Disetujui | X83: 20251204 10:49:42 | Y83: =IF(N83="",M83,N83) -> Mengurus Rumah Tangga | Z83: =VLOOKUP(H83,'[1]KELAS (REF) 1080'!$Q:$R,2,FALSE) -> #REF!
A84: Dessy Wahyuni | B84: Mitra (Pendataan dan Pengolahan) | C84: Diterima | D84: Mitra (Pendataan dan Pengolahan) | E84: Jl. Pangkalan jati VII No. 7 RT 002 RW 009 | F84: 31 | G84: 72 | H84: 040 | I84: 005 | J84: JAKARTA TIMUR, 12 Desember 1974 (52) | K84: Pr | L84: Tamat SMA/Sederajat | M84: Mengurus Rumah Tangga | O84: +62 813-1434-8973 | P84: 317222100836 | Q84: aureliaannissa5@gmail.com | R84: 93.33 | S84: 2025-11-19 15:32:10 | T84: 2025-11-19 15:45:34 | U84: 13.4 | V84: 0 | W84: Disetujui | X84: 20251205 14:30:24 | Y84: =IF(N84="",M84,N84) -> Mengurus Rumah Tangga | Z84: =VLOOKUP(H84,'[1]KELAS (REF) 1080'!$Q:$R,2,FALSE) -> #REF!
A85: Desy ari susanti | B85: Mitra (Pendataan dan Pengolahan) | C85: Diterima | D85: Mitra (Pendataan dan Pengolahan) | E85: jalan masjid al umar 2 rt003/012 | F85: 31 | G85: 72 | H85: 030 | I85: 008 | J85: JAKARTA TIMUR, 08 April 1989 (37) | K85: Pr | L85: Tamat SMA/Sederajat | M85: Mengurus Rumah Tangga | O85: +62 882-9680-7309 | P85: 317222040015 | Q85: desyarie89@gmail.com | R85: 86.67 | S85: 2025-11-21 11:11:12 | T85: 2025-11-21 11:54:36 | U85: 43.4 | V85: 0 | W85: Disetujui | X85: 20251204 10:30:44 | Y85: =IF(N85="",M85,N85) -> Mengurus Rumah Tangga | Z85: =VLOOKUP(H85,'[1]KELAS (REF) 1080'!$Q:$R,2,FALSE) -> #REF!
A86: DETIA APRILIANI | B86: Mitra (Pendataan dan Pengolahan) | C86: Diterima | D86: Mitra (Pendataan dan Pengolahan) | E86: Jl. Pulomas VIII No. 10B RT 003 RW 011 | F86: 31 | G86: 72 | H86: 090 | I86: 006 | J86: JAKARTA TIMUR, 06 April 1999 (27) | K86: Pr | L86: Tamat D4/S1 | M86: Pelajar / Mahasiswa | O86: +62 821-1364-2030 | P86: 317222100358 | Q86: detiaapriliani699@gmail.com | R86: 93.33 | S86: 2025-11-18 13:10:11 | T86: 2025-11-18 13:35:49 | U86: 25.633333 | V86: 0 | W86: Disetujui | X86: 20251204 17:00:18 | Y86: =IF(N86="",M86,N86) -> Pelajar / Mahasiswa | Z86: =VLOOKUP(H86,'[1]KELAS (REF) 1080'!$Q:$R,2,FALSE) -> #REF!
A87: DETO AXL FAHLEPI GUMILAR | B87: Mitra (Pendataan dan Pengolahan) | C87: Diterima | D87: Mitra (Pendataan dan Pengolahan) | E87: Jl. Kayumanis 1 baru no. 15 rt/rw 015/001 | F87: 31 | G87: 72 | H87: 100 | I87: 004 | J87: JAKARTA TIMUR, 09 November 2001 (25) | K87: Lk | L87: Tamat SMA/Sederajat | M87: Pelajar / Mahasiswa | O87: +62 896-3728-5280 | P87: 317222092339 | Q87: detto0909@gmail.com | R87: 86.67 | S87: 2025-11-20 16:11:54 | T87: 2025-11-20 16:49:32 | U87: 37.633333 | V87: 0 | W87: Disetujui | X87: 20251205 10:57:56 | Y87: =IF(N87="",M87,N87) -> Pelajar / Mahasiswa | Z87: =VLOOKUP(H87,'[1]KELAS (REF) 1080'!$Q:$R,2,FALSE) -> #REF!
A88: Devi Nurfatimah | B88: Mitra (Pendataan dan Pengolahan) | C88: Diterima | D88: Mitra (Pendataan dan Pengolahan) | E88: Jalan Batu Ampar V No.56 Rt008 Rw002 | F88: 31 | G88: 72 | H88: 050 | I88: 002 | J88: JAKARTA TIMUR, 22 Desember 1984 (42) | K88: Pr | L88: Tamat SMA/Sederajat | M88: Mengurus Rumah Tangga | O88: +62 878-8274-4139 | P88: 317222100729 | Q88: devinurfatimah22@gmail.com | R88: 96.67 | S88: 2025-11-21 13:17:18 | T88: 2025-11-21 13:57:48 | U88: 40.5 | V88: 0 | W88: Disetujui | X88: 20251204 15:57:08 | Y88: =IF(N88="",M88,N88) -> Mengurus Rumah Tangga | Z88: =VLOOKUP(H88,'[1]KELAS (REF) 1080'!$Q:$R,2,FALSE) -> #REF!
A89: Devi Septiani Purwanti | B89: Mitra (Pendataan dan Pengolahan) | C89: Diterima | D89: Mitra (Pendataan dan Pengolahan) | E89: Jl Kelapa Hijau No 8 Rt 004 Rw 014 | F89: 31 | G89: 72 | H89: 100 | I89: 005 | J89: JAKARTA TIMUR, 19 September 1988 (38) | K89: Pr | L89: Tamat D4/S1 | M89: Wiraswasta | O89: +62 812-1402-3193 | P89: 317222091601 | Q89: sdevi1909@gmail.com | R89: 93.33 | S89: 2025-11-21 15:23:45 | T89: 2025-11-21 15:44:53 | U89: 21.133333 | V89: 0 | W89: Disetujui | X89: 20251204 11:13:45 | Y89: =IF(N89="",M89,N89) -> Wiraswasta | Z89: =VLOOKUP(H89,'[1]KELAS (REF) 1080'!$Q:$R,2,FALSE) -> #REF!
... A106: Dheasy ayu kustanti wahid | B106: Mitra (Pendataan dan Pengolahan) | C106: Diterima | D106: Mitra (Pendataan dan Pengolahan) | E106: Jl.raya bekasi km.18, Gang Remaja 3, RT.07/RW.07 No.7A | F106: 31 | G106: 72 | H106: 090 | I106: 003 | J106: SRAGEN, 19 Desember 1993 (33) | K106: Pr | L106: Tamat SMA/Sederajat | M106: Mengurus Rumah Tangga | O106: +62 812-1305-5251 | P106: 317222090122 | Q106: moetfardea@gmail.com | R106: 96.67 | S106: 2025-11-18 12:17:00 | T106: 2025-11-18 12:41:26 | U106: 24.433333 | V106: 0 | W106: Disetujui | X106: 20251204 10:20:04 | Y106: =IF(N106="",M106,N106) -> Mengurus Rumah Tangga | Z106: =VLOOKUP(H106,'[1]KELAS (REF) 1080'!$Q:$R,2,FALSE) -> #REF!
A107: Dian Annastasya | B107: Mitra (Pendataan dan Pengolahan) | C107: Diterima | D107: Mitra (Pendataan dan Pengolahan) | E107: Jatinegara Ilir RT. 006 RW. 011 | F107: 31 | G107: 72 | H107: 080 | I107: 001 | J107: JAKARTA TIMUR, 23 Juli 2004 (22) | K107: Pr | L107: Tamat SMA/Sederajat | M107: Lainnya | N107: Belum Bekerja | O107: +62 857-8166-1595 | P107: 317222091475 | Q107: annastasyadian@gmail.com | R107: 90.00 | S107: 2025-11-21 13:19:09 | T107: 2025-11-21 13:29:27 | U107: 10.3 | V107: 0 | W107: Disetujui | X107: 20251204 10:36:49 | Y107: =IF(N107="",M107,N107) -> Belum Bekerja | Z107: =VLOOKUP(H107,'[1]KELAS (REF) 1080'!$Q:$R,2,FALSE) -> #REF!
A108: dian marliana ekayanthi | B108: Mitra (Pendataan dan Pengolahan) | C108: Diterima | D108: Mitra (Pendataan dan Pengolahan) | E108: Jl moncokerto 7 no 5 Rt 005 / RW 013 | F108: 31 | G108: 72 | H108: 100 | I108: 005 | J108: JAKARTA TIMUR, 19 Maret 1974 (52) | K108: Pr | L108: Tamat SMA/Sederajat | M108: Wiraswasta | O108: +62 857-8079-1254 | P108: 317222010205 | Q108: dianblack13@gmail.com | R108: 93.33 | S108: 2025-11-20 15:04:39 | T108: 2025-11-20 15:54:55 | U108: 50.266667 | V108: 0 | W108: Disetujui | X108: 20251204 12:03:48 | Y108: =IF(N108="",M108,N108) -> Wiraswasta | Z108: =VLOOKUP(H108,'[1]KELAS (REF) 1080'!$Q:$R,2,FALSE) -> #REF!
A109: Dian sulistia Ningrum | B109: Mitra (Pendataan dan Pengolahan) | C109: Diterima | D109: Mitra (Pendataan dan Pengolahan) | E109: Jl. Inspeksi pam RT 017 RW 04 | F109: 31 | G109: 72 | H109: 080 | I109: 006 | J109: , 06 Desember 1988 (38) | K109: Pr | L109: Tamat SMA/Sederajat | M109: Mengurus Rumah Tangga | O109: +62 858-9141-1178 | P109: 317223030008 | Q109: diansulistia8806@gmail.com | R109: 96.67 | S109: 2025-11-18 15:41:35 | T109: 2025-11-18 16:06:43 | U109: 25.133333 | V109: 0 | W109: Disetujui | X109: 20251204 16:27:51 | Y109: =IF(N109="",M109,N109) -> Mengurus Rumah Tangga | Z109: =VLOOKUP(H109,'[1]KELAS (REF) 1080'!$Q:$R,2,FALSE) -> #REF!
A110: Dian Triasputri Winando | B110: Mitra (Pendataan dan Pengolahan) | C110: Diterima | D110: Mitra (Pendataan dan Pengolahan) | E110: JL.Pisangan Lama II | F110: 31 | G110: 72 | H110: 090 | I110: 001 | J110: JAKARTA TIMUR, 01 Juni 1996 (30) | K110: Pr | L110: Tamat D4/S1 | M110: Kader PKK / Karang Taruna / Kader Lainnya | O110: +62 822-6924-3145 | P110: 317225050070 | Q110: dtriasputri@gmail.com | R110: 93.33 | S110: 2025-11-21 13:00:49 | T110: 2025-11-21 13:26:26 | U110: 25.616667 | V110: 0 | W110: Disetujui | X110: 20251204 08:49:20 | Y110: =IF(N110="",M110,N110) -> Kader PKK / Karang Taruna / Kader Lainnya | Z110: =VLOOKUP(H110,'[1]KELAS (REF) 1080'!$Q:$R,2,FALSE) -> #REF!
A111: DIAS AZMI JAZIL | B111: Mitra (Pendataan dan Pengolahan) | C111: Diterima | D111: Mitra (Pendataan dan Pengolahan) | E111: Jl.Balai Rakyat 1 No.18 | F111: 31 | G111: 72 | H111: 070 | I111: 001 | J111: JAKARTA TIMUR, 17 Juli 2004 (22) | K111: Lk | L111: Tamat SMA/Sederajat | M111: Pelajar / Mahasiswa | O111: +62 858-9140-2427 | P111: 317222100513 | Q111: diasshelby8@gmail.com | R111: 93.33 | S111: 2025-11-19 15:25:14 | T111: 2025-11-19 15:55:39 | U111: 30.416667 | V111: 0 | W111: Disetujui | X111: 20251204 21:14:43 | Y111: =IF(N111="",M111,N111) -> Pelajar / Mahasiswa | Z111: =VLOOKUP(H111,'[1]KELAS (REF) 1080'!$Q:$R,2,FALSE) -> #REF!
A112: Diaz Caesar Akbarsyah | B112: Mitra (Pendataan dan Pengolahan) | C112: Diterima | D112: Mitra (Pendataan dan Pengolahan) | E112: Rusun pinus elok tower c lt.09 no.19 rt022/009 | F112: 31 | G112: 72 | H112: 080 | I112: 002 | J112: JAKARTA TIMUR, 30 Mei 1999 (27) | K112: Lk | L112: Tamat D1/D2/D3 | M112: Pelajar / Mahasiswa | O112: +62 878-8386-3789 | P112: 317222110091 | Q112: diazcaesara@gmail.com | R112: 96.67 | S112: 2025-11-19 16:23:48 | T112: 2025-11-19 16:49:12 | U112: 25.4 | V112: 0 | W112: Disetujui | X112: 20251204 13:46:33 | Y112: =IF(N112="",M112,N112) -> Pelajar / Mahasiswa | Z112: =VLOOKUP(H112,'[1]KELAS (REF) 1080'!$Q:$R,2,FALSE) -> #REF!
A113: Djoko Hartanto | B113: Mitra (Pendataan dan Pengolahan) | C113: Diterima | D113: Mitra (Pendataan dan Pengolahan) | E113: Jalan Kramat Asem No. 54 RT 012 RW 006 | F113: 31 | G113: 72 | H113: 100 | I113: 005 | J113: JAKARTA TIMUR, 31 Maret 1994 (32) | K113: Lk | L113: Tamat D4/S1 | M113: Lainnya | N113: belum bekerja | O113: +62 818-0874-7912 | P113: 317222010211 | Q113: dije.mua1@gmail.com | R113: 100.00 | S113: 2025-11-20 13:00:11 | T113: 2025-11-20 13:20:22 | U113: 20.183333 | V113: 0 | W113: Disetujui | X113: 20251204 12:33:50 | Y113: =IF(N113="",M113,N113) -> belum bekerja | Z113: =VLOOKUP(H113,'[1]KELAS (REF) 1080'!$Q:$R,2,FALSE) -> #REF!
A114: Djoko Santoso | B114: Mitra (Pendataan dan Pengolahan) | C114: Diterima | D114: Mitra (Pendataan dan Pengolahan) | E114: Jalan Buluh Gang H.Sebin No.24B Rt.005 Rw.016 | F114: 31 | G114: 72 | H114: 050 | I114: 006 | J114: JAKARTA TIMUR, 17 November 1977 (49) | K114: Lk | L114: Tamat SMA/Sederajat | M114: Lainnya | N114: OJEK ONLINE | O114: +62 822-0820-1447_ | P114: 317222091239 | Q114: djoko17santoso@gmail.com | R114: 93.33 | S114: 2025-11-18 13:28:30 | T114: 2025-11-18 14:18:23 | U114: 49.883333 | V114: 0 | W114: Disetujui | X114: 20251204 15:50:03 | Y114: =IF(N114="",M114,N114) -> OJEK ONLINE | Z114: =VLOOKUP(H114,'[1]KELAS (REF) 1080'!$Q:$R,2,FALSE) -> #REF!
A115: DRA Sartinah | B115: Mitra Pendataan | C115: Diterima | D115: Mitra Pendataan | E115: CIPAYUNG | F115: 31 | G115: 72 | H115: 030 | I115: 007 | J115: JAKARTA TIMUR, 17 Juli 1967 (59) | K115: Pr | L115: Tamat D4/S1 | M115: Lainnya | N115: - | O115: +62 877-8444-1967 | P115: 317222070001 | Q115: rastimansartinah2@gmail.com | R115: 73.33 | S115: 2025-11-19 15:02:52 | T115: 2025-11-19 15:38:12 | U115: 35.333333 | V115: 0 | W115: Disetujui | X115: 20251204 09:47:54 | Y115: =IF(N115="",M115,N115) -> - | Z115: =VLOOKUP(H115,'[1]KELAS (REF) 1080'!$Q:$R,2,FALSE) -> #REF!
A116: Drian Nila kanti | B116: Mitra (Pendataan dan Pengolahan) | C116: Diterima | D116: Mitra (Pendataan dan Pengolahan) | E116: Kp.Kandang Sapi Rt05 RW 06 No.7 | F116: 31 | G116: 72 | H116: 080 | I116: 005 | J116: JAKARTA TIMUR, 22 April 1980 (46) | K116: Pr | L116: Tamat SMA/Sederajat | M116: Mengurus Rumah Tangga | O116: +62 895-4034-71133 | P116: 317222090743 | Q116: driannilakanti@gmail.com | R116: 90.00 | S116: 2025-11-18 15:35:28 | T116: 2025-11-18 15:58:05 | U116: 22.616667 | V116: 0 | W116: Disetujui | X116: 20251204 18:30:25 | Y116: =IF(N116="",M116,N116) -> Mengurus Rumah Tangga | Z116: =VLOOKUP(H116,'[1]KELAS (REF) 1080'!$Q:$R,2,FALSE) -> #REF!
A117: Dwi hermawan | B117: Mitra (Pendataan dan Pengolahan) | C117: Diterima | D117: Mitra (Pendataan dan Pengolahan) | E117: Jalan kampung lio rt 004 / rw 004 | F117: 31 | G117: 72 | H117: 080 | I117: 001 | J117: JAKARTA TIMUR, 25 April 1994 (32) | K117: Lk | L117: Tamat SMA/Sederajat | M117: Pelajar / Mahasiswa | O117: +62 812-9313-0252 | P117: 317222010088 | Q117: dwie25april@gmail.com | R117: 90.00 | S117: 2025-11-20 13:24:31 | T117: 2025-11-20 13:53:55 | U117: 29.4 | V117: 0 | W117: Disetujui | X117: 20251208 09:30:51 | Y117: =IF(N117="",M117,N117) -> Pelajar / Mahasiswa | Z117: =VLOOKUP(H117,'[1]KELAS (REF) 1080'!$Q:$R,2,FALSE) -> #REF!
...

Sheet KELAS (REFERENSI)
A1: No | B1: Gelombang | C1: TC | D1: Kelas | E1: Gel-Kelas | F1: Kapasitas | G1: Panitia | H1: Inda | I1: PJ | J1: TC | K1: Jadwal Mulai MOOC | L1: Jadwal Selesai KELAS | M1: Hari | N1: Tanggal | O1: Bulan | P1: Tahun | Q1: Tanggal Kontrak | S1: TGR | V1: Kode Kec | W1: Nama Kec | Y1: HOTEL | AE1: HOTEL BWP 1 | AK1: HOTEL BWP 2 | AQ1: HOTEL BWP 3 | AW1: HOTEL BWP 4 | BC1: HOTEL HARPER 1 | BI1: HOTEL HARPER 2 | BO1: HOTEL HARPER 3 | BU1: HOTEL PARK 1 | CA1: HOTEL PARK 2 | CG1: HOTEL PARK 3 | CM1: TOTAL | CQ1: PER GELOMBANG
A2: 1 | B2: 1 | C2: BWP | D2: A | E2: =B2&D2 -> 1A | F2: 28 | G2: 2 | H2: 1 | I2: 1 | J2: =C2 -> BWP | K2: 29 Mei 2026 | L2: 03 Juni 2026 | M2: Selasa | N2: Dua Puluh Enam | O2: Mei | P2: Dua Ribu Dua Puluh Enam | Q2: 26 Mei 2026 | S2: Fullday | T2: =AA8*3 -> 1290000 | V2: 010 | W2: Pasar Rebo | Y2: Item | Z2: Vol | AA2: Harga Sat | AB2: Hari | AC2: Total | AE2: Item | AF2: Vol | AG2: Harga Sat | AH2: Hari | AI2: Total | AK2: Item | AL2: Vol | AM2: Harga Sat | AN2: Hari | AO2: Total | AQ2: Item | AR2: Vol | AS2: Harga Sat | AT2: Hari | AU2: Total | AW2: Item | AX2: Vol | AY2: Harga Sat | AZ2: Hari | BA2: Total | BC2: Item | BD2: Vol | BE2: Harga Sat | BF2: Hari | BG2: Total | BI2: Item | BJ2: Vol | BK2: Harga Sat | BL2: Hari | BM2: Total | BO2: Item | BP2: Vol | BQ2: Harga Sat | BR2: Hari | BS2: Total | BU2: Item | BV2: Vol | BW2: Harga Sat | BX2: Hari | BY2: Total | CA2: Item | CB2: Vol | CC2: Harga Sat | CD2: Hari | CE2: Total | CG2: Item | CH2: Vol | CI2: Harga Sat | CJ2: Hari | CK2: Total | CM2: KONTROL | CN2: TOTAL | CO2: SELISIH | CQ2: G1 | CR2: G2 | CS2: G3 | CT2: G4 | CU2: TOTAL
A3: 2 | B3: 1 | C3: BWP | D3: B | E3: =B3&D3 -> 1B | F3: 28 | G3: 2 | H3: 1 | J3: =C3 -> BWP | K3: =IF(B3=B2,K2,"") -> 29 Mei 2026 | L3: =IF(B3=B2,L2,"") -> 03 Juni 2026 | M3: =IF(B3=B2,M2,"") -> Selasa | N3: =IF(B3=B2,N2,"") -> Dua Puluh Enam | O3: =IF(B3=B2,O2,"") -> Mei | P3: =IF(B3=B2,P2,"") -> Dua Ribu Dua Puluh Enam | Q3: =IF(B3=B2,Q2,"") -> 26 Mei 2026 | S3: Konsumsi | T3: =105000*3 -> 315000 | V3: 020 | W3: Ciracas | Y3: Petugas | Z3: =1844-25-7-Z16 -> 1312 | AE3: Petugas | AF3: =28*5+25 -> 165 | AK3: Petugas | AL3: =28*5+25 -> 165 | AQ3: Petugas | AR3: =28*5+25 -> 165 | AW3: Petugas | AX3: =28*3 -> 84 | BC3: Petugas | BD3: =28*4 -> 112 | BI3: Petugas | BJ3: =27*4 -> 108 | BO3: Petugas | BP3: =27*5 -> 135 | BU3: Petugas | BV3: =27*5 -> 135 | CA3: Petugas | CB3: =27*5 -> 135 | CG3: Petugas | CH3: =Z3-AF3-AR3-AL3-BD3-BJ3-BP3-BV3-CB3-AX3 -> 108 | CM3: =Z3 -> 1312 | CN3: =AF3+AR3+AL3+BD3+BJ3+BP3+BV3+CB3+CH3+AX3 -> 1312 | CO3: =CN3-CM3 -> 0 | CQ3: =AF3+BD3+BV3 -> 412 | CR3: =AL3+BJ3+CB3 -> 408 | CS3: =AR3+BP3+CH3 -> 408 | CT3: =AX3 -> 84 | CU3: =SUM(CQ3:CT3) -> 1312
A4: 3 | B4: 1 | C4: BWP | D4: C | E4: =B4&D4 -> 1C | F4: 28 | G4: 2 | H4: 1 | J4: =C4 -> BWP | K4: =IF(B4=B3,K3,"") -> 29 Mei 2026 | L4: =IF(B4=B3,L3,"") -> 03 Juni 2026 | M4: =IF(B4=B3,M3,"") -> Selasa | N4: =IF(B4=B3,N3,"") -> Dua Puluh Enam | O4: =IF(B4=B3,O3,"") -> Mei | P4: =IF(B4=B3,P3,"") -> Dua Ribu Dua Puluh Enam | Q4: =IF(B4=B3,Q3,"") -> 26 Mei 2026 | S4: Transport | T4: =150000*3 -> 450000 | V4: 030 | W4: Cipayung | Y4: Kelas | Z4: 48 | AD4: =Z3/Z4 -> 27.333333 | AE4: Kelas | AF4: 6 | AJ4: =AF3/AF4 -> 27.5 | AK4: Kelas | AL4: 6 | AP4: =AL3/AL4 -> 27.5 | AQ4: Kelas | AR4: 6 | AV4: =AR3/AR4 -> 27.5 | AW4: Kelas | AX4: 3 | BB4: =AX3/AX4 -> 28 | BC4: Kelas | BD4: 4 | BH4: =BD3/BD4 -> 28 | BI4: Kelas | BJ4: 4 | BN4: =BJ3/BJ4 -> 27 | BO4: Kelas | BP4: 5 | BT4: =BP3/BP4 -> 27 | BU4: Kelas | BV4: 5 | BZ4: =BV3/BV4 -> 27 | CA4: Kelas | CB4: 5 | CF4: =CB3/CB4 -> 27 | CG4: Kelas | CH4: =Z4-AF4-AR4-AL4-BD4-BJ4-BP4-BV4-CB4-AX4 -> 4 | CL4: =CH3/CH4 -> 27 | CM4: =Z4 -> 48 | CN4: =AF4+AR4+AL4+BD4+BJ4+BP4+BV4+CB4+CH4+AX4 -> 48 | CO4: =CN4-CM4 -> 0 | CP4: =CN3/CN4 -> 27.333333 | CQ4: =AF4+BD4+BV4 -> 15 | CR4: =AL4+BJ4+CB4 -> 15 | CS4: =AR4+BP4+CH4 -> 15 | CT4: =AX4 -> 3 | CU4: =SUM(CQ4:CT4) -> 48 | CV4: =CU3/CU4 -> 27.333333
A5: 4 | B5: 1 | C5: BWP | D5: D | E5: =B5&D5 -> 1D | F5: 28 | G5: 2 | H5: 1 | J5: =C5 -> BWP | K5: =IF(B5=B4,K4,"") -> 29 Mei 2026 | L5: =IF(B5=B4,L4,"") -> 03 Juni 2026 | M5: =IF(B5=B4,M4,"") -> Selasa | N5: =IF(B5=B4,N4,"") -> Dua Puluh Enam | O5: =IF(B5=B4,O4,"") -> Mei | P5: =IF(B5=B4,P4,"") -> Dua Ribu Dua Puluh Enam | Q5: =IF(B5=B4,Q4,"") -> 26 Mei 2026 | V5: 040 | W5: Makasar | Y5: Inda | Z5: =Z4 -> 48 | AE5: Inda | AF5: =AF4 -> 6 | AK5: Inda | AL5: =AL4 -> 6 | AQ5: Inda | AR5: =AR4 -> 6 | AW5: Inda | AX5: =AX4 -> 3 | BC5: Inda | BD5: =BD4 -> 4 | BI5: Inda | BJ5: =BJ4 -> 4 | BO5: Inda | BP5: =BP4 -> 5 | BU5: Inda | BV5: =BV4 -> 5 | CA5: Inda | CB5: =CB4 -> 5 | CG5: Inda | CH5: =Z5-AF5-AR5-AL5-BD5-BJ5-BP5-BV5-CB5-AX5 -> 4 | CM5: =Z5 -> 48 | CN5: =AF5+AR5+AL5+BD5+BJ5+BP5+BV5+CB5+CH5+AX5 -> 48 | CO5: =CN5-CM5 -> 0 | CQ5: =AF5+BD5+BV5 -> 15 | CR5: =AL5+BJ5+CB5 -> 15 | CS5: =AR5+BP5+CH5 -> 15 | CT5: =AX5 -> 3 | CU5: =SUM(CQ5:CT5) -> 48
A6: 5 | B6: 1 | C6: BWP | D6: E | E6: =B6&D6 -> 1E | F6: 28 | G6: 2 | H6: 1 | J6: =C6 -> BWP | K6: =IF(B6=B5,K5,"") -> 29 Mei 2026 | L6: =IF(B6=B5,L5,"") -> 03 Juni 2026 | M6: =IF(B6=B5,M5,"") -> Selasa | N6: =IF(B6=B5,N5,"") -> Dua Puluh Enam | O6: =IF(B6=B5,O5,"") -> Mei | P6: =IF(B6=B5,P5,"") -> Dua Ribu Dua Puluh Enam | Q6: =IF(B6=B5,Q5,"") -> 26 Mei 2026 | S6: TGR HOTEL | T6: =T2+T4 -> 1740000 | V6: 050 | W6: Kramat jati | Y6: Panitia | Z6: =Z4*2 -> 96 | AE6: Panitia | AF6: =AF4*2 -> 12 | AK6: Panitia | AL6: =AL4*2 -> 12 | AQ6: Panitia | AR6: =AR4*2 -> 12 | AW6: Panitia | AX6: =AX4*2 -> 6 | BC6: Panitia | BD6: =BD4*2 -> 8 | BI6: Panitia | BJ6: =BJ4*2 -> 8 | BO6: Panitia | BP6: =BP4*2 -> 10 | BU6: Panitia | BV6: =BV4*2 -> 10 | CA6: Panitia | CB6: =CB4*2 -> 10 | CG6: Panitia | CH6: =Z6-AF6-AR6-AL6-BD6-BJ6-BP6-BV6-CB6-AX6 -> 8 | CM6: =Z6 -> 96 | CN6: =AF6+AR6+AL6+BD6+BJ6+BP6+BV6+CB6+CH6+AX6 -> 96 | CO6: =CN6-CM6 -> 0 | CQ6: =AF6+BD6+BV6 -> 30 | CR6: =AL6+BJ6+CB6 -> 30 | CS6: =AR6+BP6+CH6 -> 30 | CT6: =AX6 -> 6 | CU6: =SUM(CQ6:CT6) -> 96
A7: 6 | B7: 1 | C7: BWP | D7: F | E7: =B7&D7 -> 1F | F7: 25 | G7: 2 | H7: 1 | J7: =C7 -> BWP | K7: =IF(B7=B6,K6,"") -> 29 Mei 2026 | L7: =IF(B7=B6,L6,"") -> 03 Juni 2026 | M7: =IF(B7=B6,M6,"") -> Selasa | N7: =IF(B7=B6,N6,"") -> Dua Puluh Enam | O7: =IF(B7=B6,O6,"") -> Mei | P7: =IF(B7=B6,P6,"") -> Dua Ribu Dua Puluh Enam | Q7: =IF(B7=B6,Q6,"") -> 26 Mei 2026 | S7: TGR STIS | T7: =T3 -> 315000 | V7: 060 | W7: Jatinegara | Y7: PJ | Z7: 3 | AE7: PJ | AF7: 1 | AK7: PJ | AL7: 1 | AQ7: PJ | AR7: 1 | AW7: PJ | AX7: 0 | BC7: PJ | BD7: 0 | BI7: PJ | BJ7: 0 | BO7: PJ | BP7: 0 | BU7: PJ | BV7: 0 | CA7: PJ | CB7: 0 | CG7: PJ | CH7: =Z7-AF7-AR7-AL7-BD7-BJ7-BP7-BV7-CB7-AX7 -> 0 | CM7: =Z7 -> 3 | CN7: =AF7+AR7+AL7+BD7+BJ7+BP7+BV7+CB7+CH7+AX7 -> 3 | CO7: =CN7-CM7 -> 0 | CQ7: =AF7+BD7+BV7 -> 1 | CR7: =AL7+BJ7+CB7 -> 1 | CS7: =AR7+BP7+CH7 -> 1 | CT7: =AX7 -> 0 | CU7: =SUM(CQ7:CT7) -> 3 | CX7: =1459+21 -> 1480
A8: 7 | B8: 1 | C8: HARPER | D8: G | E8: =B8&D8 -> 1G | F8: 28 | G8: 2 | H8: 1 | J8: =C8 -> HARPER | K8: =IF(B8=B7,K7,"") -> 29 Mei 2026 | L8: =IF(B8=B7,L7,"") -> 03 Juni 2026 | M8: =IF(B8=B7,M7,"") -> Selasa | N8: =IF(B8=B7,N7,"") -> Dua Puluh Enam | O8: =IF(B8=B7,O7,"") -> Mei | P8: =IF(B8=B7,P7,"") -> Dua Ribu Dua Puluh Enam | Q8: =IF(B8=B7,Q7,"") -> 26 Mei 2026 | V8: 070 | W8: Duren Sawit | Y8: Total Akomodasi | Z8: =Z3+Z5+Z6+Z7 -> 1459 | AA8: 430000 | AB8: 3 | AC8: =Z8*AA8*AB8 -> 1882110000 | AE8: Total Akomodasi | AF8: =AF3+AF5+AF6+AF7 -> 184 | AG8: 430000 | AH8: 3 | AI8: =AF8*AG8*AH8 -> 237360000 | AK8: Total Akomodasi | AL8: =AL3+AL5+AL6+AL7 -> 184 | AM8: 430000 | AN8: 3 | AO8: =AL8*AM8*AN8 -> 237360000 | AQ8: Total Akomodasi | AR8: =AR3+AR5+AR6+AR7 -> 184 | AS8: 430000 | AT8: 3 | AU8: =AR8*AS8*AT8 -> 237360000 | AW8: Total Akomodasi | AX8: =AX3+AX5+AX6+AX7 -> 93 | AY8: 430000 | AZ8: 3 | BA8: =AX8*AY8*AZ8 -> 119970000 | BC8: Total Akomodasi | BD8: =BD3+BD5+BD6+BD7 -> 124 | BE8: 430000 | BF8: 3 | BG8: =BD8*BE8*BF8 -> 159960000 | BI8: Total Akomodasi | BJ8: =BJ3+BJ5+BJ6+BJ7 -> 120 | BK8: 430000 | BL8: 3 | BM8: =BJ8*BK8*BL8 -> 154800000 | BO8: Total Akomodasi | BP8: =BP3+BP5+BP6+BP7 -> 150 | BQ8: 430000 | BR8: 3 | BS8: =BP8*BQ8*BR8 -> 193500000 | BU8: Total Akomodasi | BV8: =BV3+BV5+BV6+BV7 -> 150 | BW8: 400000 | BX8: 3 | BY8: =BV8*BW8*BX8 -> 180000000 | CA8: Total Akomodasi | CB8: =CB3+CB5+CB6+CB7 -> 150 | CC8: 400000 | CD8: 3 | CE8: =CB8*CC8*CD8 -> 180000000 | CG8: Total Akomodasi | CH8: =Z8-AF8-AR8-AL8-BD8-BJ8-BP8-BV8-CB8-AX8 -> 120 | CI8: 400000 | CJ8: 3 | CK8: =CH8*CI8*CJ8 -> 144000000 | CM8: =Z8 -> 1459 | CN8: =AF8+AR8+AL8+BD8+BJ8+BP8+BV8+CB8+CH8+AX8 -> 1459 | CO8: =CN8-CM8 -> 0 | CQ8: =AF8+BD8+BV8 -> 458 | CR8: =AL8+BJ8+CB8 -> 454 | CS8: =AR8+BP8+CH8 -> 454 | CT8: =AX8 -> 93 | CU8: =SUM(CQ8:CT8) -> 1459 | CX8: =CX7*3 -> 4440 | CY8: =30000*CX8 -> 133200000
A9: 8 | B9: 1 | C9: HARPER | D9: H | E9: =B9&D9 -> 1H | F9: 28 | G9: 2 | H9: 1 | J9: =C9 -> HARPER | K9: =IF(B9=B8,K8,"") -> 29 Mei 2026 | L9: =IF(B9=B8,L8,"") -> 03 Juni 2026 | M9: =IF(B9=B8,M8,"") -> Selasa | N9: =IF(B9=B8,N8,"") -> Dua Puluh Enam | O9: =IF(B9=B8,O8,"") -> Mei | P9: =IF(B9=B8,P8,"") -> Dua Ribu Dua Puluh Enam | Q9: =IF(B9=B8,Q8,"") -> 26 Mei 2026 | V9: 080 | W9: Cakung | Y9: Transport Peserta | Z9: =Z3+Z5+Z6 -> 1456 | AA9: 170000 | AB9: 3 | AC9: =Z9*AA9*AB9 -> 742560000 | AE9: Transport Peserta | AF9: =AF3+AF5+AF6 -> 183 | AG9: 170000 | AH9: 3 | AI9: =AF9*AG9*AH9 -> 93330000 | AK9: Transport Peserta | AL9: =AL3+AL5+AL6 -> 183 | AM9: 170000 | AN9: 3 | AO9: =AL9*AM9*AN9 -> 93330000 | AQ9: Transport Peserta | AR9: =AR3+AR5+AR6 -> 183 | AS9: 170000 | AT9: 3 | AU9: =AR9*AS9*AT9 -> 93330000 | AW9: Transport Peserta | AX9: =AX3+AX5+AX6 -> 93 | AY9: 170000 | AZ9: 3 | BA9: =AX9*AY9*AZ9 -> 47430000 | BC9: Transport Peserta | BD9: =BD3+BD5+BD6 -> 124 | BE9: 170000 | BF9: 3 | BG9: =BD9*BE9*BF9 -> 63240000 | BI9: Transport Peserta | BJ9: =BJ3+BJ5+BJ6 -> 120 | BK9: 170000 | BL9: 3 | BM9: =BJ9*BK9*BL9 -> 61200000 | BO9: Transport Peserta | BP9: =BP3+BP5+BP6 -> 150 | BQ9: 170000 | BR9: 3 | BS9: =BP9*BQ9*BR9 -> 76500000 | BU9: Transport Peserta | BV9: =BV3+BV5+BV6 -> 150 | BW9: 170000 | BX9: 3 | BY9: =BV9*BW9*BX9 -> 76500000 | CA9: Transport Peserta | CB9: =CB3+CB5+CB6 -> 150 | CC9: 170000 | CD9: 3 | CE9: =CB9*CC9*CD9 -> 76500000 | CG9: Transport Peserta | CH9: =Z9-AF9-AR9-AL9-BD9-BJ9-BP9-BV9-CB9-AX9 -> 120 | CI9: 170000 | CJ9: 3 | CK9: =CH9*CI9*CJ9 -> 61200000 | CM9: =Z9 -> 1456 | CN9: =AF9+AR9+AL9+BD9+BJ9+BP9+BV9+CB9+CH9+AX9 -> 1456 | CO9: =CN9-CM9 -> 0 | CQ9: =AF9+BD9+BV9 -> 457 | CR9: =AL9+BJ9+CB9 -> 453 | CS9: =AR9+BP9+CH9 -> 453 | CT9: =AX9 -> 93 | CU9: =SUM(CQ9:CT9) -> 1456
A10: 9 | B10: 1 | C10: HARPER | D10: I | E10: =B10&D10 -> 1I | F10: 28 | G10: 2 | H10: 1 | J10: =C10 -> HARPER | K10: =IF(B10=B9,K9,"") -> 29 Mei 2026 | L10: =IF(B10=B9,L9,"") -> 03 Juni 2026 | M10: =IF(B10=B9,M9,"") -> Selasa | N10: =IF(B10=B9,N9,"") -> Dua Puluh Enam | O10: =IF(B10=B9,O9,"") -> Mei | P10: =IF(B10=B9,P9,"") -> Dua Ribu Dua Puluh Enam | Q10: =IF(B10=B9,Q9,"") -> 26 Mei 2026 | V10: 081 | W10: Luar Jakarta Timur | Y10: Perjadin PJ | Z10: 3 | AA10: 0 | AB10: 3 | AC10: =Z10*AA10*AB10 -> 0 | AE10: Perjadin PJ | AF10: 1 | AG10: 0 | AH10: 3 | AI10: =AF10*AG10*AH10 -> 0 | AK10: Perjadin PJ | AL10: 1 | AM10: 0 | AN10: 3 | AO10: =AL10*AM10*AN10 -> 0 | AQ10: Perjadin PJ | AR10: 1 | AS10: 0 | AT10: 3 | AU10: =AR10*AS10*AT10 -> 0 | AW10: Perjadin PJ | AX10: 0 | AY10: 0 | AZ10: 3 | BA10: =AX10*AY10*AZ10 -> 0 | BC10: Perjadin PJ | BD10: 0 | BE10: 0 | BF10: 0 | BG10: =BD10*BE10*BF10 -> 0 | BI10: Perjadin PJ | BJ10: 0 | BK10: 0 | BL10: 0 | BM10: =BJ10*BK10*BL10 -> 0 | BO10: Perjadin PJ | BP10: 0 | BQ10: 0 | BR10: 0 | BS10: =BP10*BQ10*BR10 -> 0 | BU10: Perjadin PJ | BV10: 0 | BW10: 0 | BX10: 0 | BY10: =BV10*BW10*BX10 -> 0 | CA10: Perjadin PJ | CB10: 0 | CC10: 0 | CD10: 0 | CE10: =CB10*CC10*CD10 -> 0 | CG10: Perjadin PJ | CH10: =Z10-AF10-AR10-AL10-BD10-BJ10-BP10-BV10-CB10-AX10 -> 0 | CI10: 0 | CJ10: 0 | CK10: =CH10*CI10*CJ10 -> 0 | CM10: =Z10 -> 3 | CN10: =AF10+AR10+AL10+BD10+BJ10+BP10+BV10+CB10+CH10+AX10 -> 3 | CO10: =CN10-CM10 -> 0 | CQ10: =AF10+BD10+BV10 -> 1 | CR10: =AL10+BJ10+CB10 -> 1 | CS10: =AR10+BP10+CH10 -> 1 | CT10: =AX10 -> 0 | CU10: =SUM(CQ10:CT10) -> 3
A11: 10 | B11: 1 | C11: HARPER | D11: J | E11: =B11&D11 -> 1J | F11: 28 | G11: 2 | H11: 1 | J11: =C11 -> HARPER | K11: =IF(B11=B10,K10,"") -> 29 Mei 2026 | L11: =IF(B11=B10,L10,"") -> 03 Juni 2026 | M11: =IF(B11=B10,M10,"") -> Selasa | N11: =IF(B11=B10,N10,"") -> Dua Puluh Enam | O11: =IF(B11=B10,O10,"") -> Mei | P11: =IF(B11=B10,P10,"") -> Dua Ribu Dua Puluh Enam | Q11: =IF(B11=B10,Q10,"") -> 26 Mei 2026 | V11: 090 | W11: Pulo Gadung | Y11: Transport Role Playing | Z11: =Z4*3 -> 144 | AA11: 150000 | AB11: 1 | AC11: =Z11*AA11*AB11 -> 21600000 | AE11: Transport Role Playing | AF11: =AF4*3 -> 18 | AG11: 170000 | AH11: 1 | AI11: =AF11*AG11*AH11 -> 3060000 | AK11: Transport Role Playing | AL11: =AL4*3 -> 18 | AM11: 170000 | AN11: 1 | AO11: =AL11*AM11*AN11 -> 3060000 | AQ11: Transport Role Playing | AR11: =AR4*3 -> 18 | AS11: 170000 | AT11: 1 | AU11: =AR11*AS11*AT11 -> 3060000 | AW11: Transport Role Playing | AX11: =AX4*3 -> 9 | AY11: 170000 | AZ11: 1 | BA11: =AX11*AY11*AZ11 -> 1530000 | BC11: Transport Role Playing | BD11: =BD4*3 -> 12 | BE11: 170000 | BF11: 1 | BG11: =BD11*BE11*BF11 -> 2040000 | BI11: Transport Role Playing | BJ11: =BJ4*3 -> 12 | BK11: 170000 | BL11: 1 | BM11: =BJ11*BK11*BL11 -> 2040000 | BO11: Transport Role Playing | BP11: =BP4*3 -> 15 | BQ11: 170000 | BR11: 1 | BS11: =BP11*BQ11*BR11 -> 2550000 | BU11: Transport Role Playing | BV11: =BV4*3 -> 15 | BW11: 170000 | BX11: 1 | BY11: =BV11*BW11*BX11 -> 2550000 | CA11: Transport Role Playing | CB11: =CB4*3 -> 15 | CC11: 170000 | CD11: 1 | CE11: =CB11*CC11*CD11 -> 2550000 | CG11: Transport Role Playing | CH11: =Z11-AF11-AR11-AL11-BD11-BJ11-BP11-BV11-CB11-AX11 -> 12 | CI11: 170000 | CJ11: 1 | CK11: =CH11*CI11*CJ11 -> 2040000 | CM11: =Z11 -> 144 | CN11: =AF11+AR11+AL11+BD11+BJ11+BP11+BV11+CB11+CH11+AX11 -> 144 | CO11: =CN11-CM11 -> 0 | CQ11: =AF11+BD11+BV11 -> 45 | CR11: =AL11+BJ11+CB11 -> 45 | CS11: =AR11+BP11+CH11 -> 45 | CT11: =AX11 -> 9 | CU11: =SUM(CQ11:CT11) -> 144
A12: 11 | B12: 1 | C12: PARK | D12: K | E12: =B12&D12 -> 1K | F12: 27 | G12: 2 | H12: 1 | J12: =C12 -> PARK | K12: =IF(B12=B11,K11,"") -> 29 Mei 2026 | L12: =IF(B12=B11,L11,"") -> 03 Juni 2026 | M12: =IF(B12=B11,M11,"") -> Selasa | N12: =IF(B12=B11,N11,"") -> Dua Puluh Enam | O12: =IF(B12=B11,O11,"") -> Mei | P12: =IF(B12=B11,P11,"") -> Dua Ribu Dua Puluh Enam | Q12: =IF(B12=B11,Q11,"") -> 26 Mei 2026 | V12: 100 | W12: Matraman | Y12: TOTAL HOTEL | AC12: =SUM(AC8:AC11) -> 2646270000 | AE12: TOTAL BWP 1 | AI12: =SUM(AI8:AI11) -> 333750000 | AK12: TOTAL BWP 2 | AO12: =SUM(AO8:AO11) -> 333750000 | AQ12: TOTAL BWP 3 | AU12: =SUM(AU8:AU11) -> 333750000 | AW12: TOTAL BWP 4 | BA12: =SUM(BA8:BA11) -> 168930000 | BC12: TOTAL HARPER 1 | BG12: =SUM(BG8:BG11) -> 225240000 | BI12: TOTAL HARPER 2 | BM12: =SUM(BM8:BM11) -> 218040000 | BO12: TOTAL HARPER 3 | BS12: =SUM(BS8:BS11) -> 272550000 | BU12: TOTAL PARK 1 | BY12: =SUM(BY8:BY11) -> 259050000 | CA12: TOTAL PARK 2 | CE12: =SUM(CE8:CE11) -> 259050000 | CG12: TOTAL PARK 3 | CK12: =SUM(CK8:CK11) -> 207240000 | CM12: =AC12 -> 2646270000 | CN12: =AI12+AO12+AU12+BG12+BM12+BS12+BY12+CE12+CK12+BA12 -> 2611350000 | CO12: =CN12-CM12 -> -34920000 | CQ12: =AI12+BG12+BY12 -> 818040000 | CR12: =AO12+BM12+CE12 -> 810840000 | CS12: =AU12+BS12+CK12 -> 813540000 | CT12: =BA12 -> 168930000 | CU12: =SUM(CQ12:CT12) -> 2611350000
A13: 12 | B13: 1 | C13: PARK | D13: L | E13: =B13&D13 -> 1L | F13: 27 | G13: 2 | H13: 1 | J13: =C13 -> PARK | K13: =IF(B13=B12,K12,"") -> 29 Mei 2026 | L13: =IF(B13=B12,L12,"") -> 03 Juni 2026 | M13: =IF(B13=B12,M12,"") -> Selasa | N13: =IF(B13=B12,N12,"") -> Dua Puluh Enam | O13: =IF(B13=B12,O12,"") -> Mei | P13: =IF(B13=B12,P12,"") -> Dua Ribu Dua Puluh Enam | Q13: =IF(B13=B12,Q12,"") -> 26 Mei 2026 | CS13: SELISIH | CU13: =CU12-CM12 -> -34920000
A14: 13 | B14: 1 | C14: PARK | D14: M | E14: =B14&D14 -> 1M | F14: 27 | G14: 2 | H14: 1 | J14: =C14 -> PARK | K14: =IF(B14=B13,K13,"") -> 29 Mei 2026 | L14: =IF(B14=B13,L13,"") -> 03 Juni 2026 | M14: =IF(B14=B13,M13,"") -> Selasa | N14: =IF(B14=B13,N13,"") -> Dua Puluh Enam | O14: =IF(B14=B13,O13,"") -> Mei | P14: =IF(B14=B13,P13,"") -> Dua Ribu Dua Puluh Enam | Q14: =IF(B14=B13,Q13,"") -> 26 Mei 2026 | Y14: STIS | AE14: STIS 1 | AK14: STIS 2 | AQ14: TOTAL | CM14: HOTEL
A15: 14 | B15: 1 | C15: PARK | D15: N | E15: =B15&D15 -> 1N | F15: 27 | G15: 2 | H15: 1 | J15: =C15 -> PARK | K15: =IF(B15=B14,K14,"") -> 29 Mei 2026 | L15: =IF(B15=B14,L14,"") -> 03 Juni 2026 | M15: =IF(B15=B14,M14,"") -> Selasa | N15: =IF(B15=B14,N14,"") -> Dua Puluh Enam | O15: =IF(B15=B14,O14,"") -> Mei | P15: =IF(B15=B14,P14,"") -> Dua Ribu Dua Puluh Enam | Q15: =IF(B15=B14,Q14,"") -> 26 Mei 2026 | Y15: Item | Z15: Vol | AA15: Harga Sat | AB15: Hari | AC15: Total | AE15: Item | AF15: Vol | AG15: Harga Sat | AH15: Hari | AI15: Total | AK15: Item | AL15: Vol | AM15: Harga Sat | AN15: Hari | AO15: Total | AQ15: KONTROL | AR15: TOTAL | AS15: SELISIH | CM15: INDA | CN15: =CN4*25*123000 -> 147600000 | CO15: INDA | CP15: =CN15+CN21 -> 206025000 | CQ15: =CP15/(123000*25) -> 67
A16: 15 | B16: 1 | C16: PARK | D16: O | E16: =B16&D16 -> 1O | F16: 27 | G16: 2 | H16: 1 | J16: =C16 -> PARK | K16: =IF(B16=B15,K15,"") -> 29 Mei 2026 | L16: =IF(B16=B15,L15,"") -> 03 Juni 2026 | M16: =IF(B16=B15,M15,"") -> Selasa | N16: =IF(B16=B15,N15,"") -> Dua Puluh Enam | O16: =IF(B16=B15,O15,"") -> Mei | P16: =IF(B16=B15,P15,"") -> Dua Ribu Dua Puluh Enam | Q16: =IF(B16=B15,Q15,"") -> 26 Mei 2026 | Y16: Petugas | Z16: 500 | AE16: Petugas | AF16: 500 | AK16: Petugas | AL16: =Z16-AF16 -> 0 | AQ16: =Z16 -> 500 | AR16: =AF16+AL16 -> 500 | AS16: =AR16-AQ16 -> 0 | CM16: PM | CN16: =AI8+AO8+AU8+BG8+BM8+BS8+BY8+CE8+CK8+BA8 -> 1844310000 | CO16: PM | CP16: =CN16 -> 1844310000 | CQ16: =CP16/(455000) -> 4053.4286 | CR16: =CQ16+100 -> 4153.4286 | CS16: =455-430 -> 25 | CU16: =1400*CS16*1000 -> 35000000 | CV16: =1806000000-CP16 -> -38310000
A17: 16 | B17: 2 | C17: BWP | D17: A | E17: =B17&D17 -> 2A | F17: 28 | G17: 2 | H17: 1 | I17: 1 | J17: =C17 -> BWP | K17: 01 Juni 2026 | L17: 06 Juni 2026 | M17: Jumat | N17: Dua Puluh Sembilan | O17: Mei | P17: Dua Ribu Dua Puluh Enam | Q17: 29 Mei 2026 | Y17: Kelas | Z17: =ROUND(Z16/27,0) -> 19 | AD17: =Z16/Z17 -> 26.315789 | AE17: Kelas | AF17: =Z17 -> 19 | AJ17: =AF16/AF17 -> 26.315789 | AK17: Kelas | AL17: =Z17-AF17 -> 0 | AP17: =AL16/AL17 -> #DIV/0! | AQ17: =Z17 -> 19 | AR17: =AF17+AL17 -> 19 | AS17: =AR17-AQ17 -> 0 | CM17: TR | CN17: =AI9+AO9+AU9+BG9+BM9+BS9+BY9+CE9+CK9 -> 695130000 | CO17: K | CP17: =CN22 -> 175770000 | CQ17: =CP17/(105000) -> 1674 | CR17: =CQ17+50 -> 1724 | CV17: =20000*402*3 -> 24120000
A18: 17 | B18: 2 | C18: BWP | D18: B | E18: =B18&D18 -> 2B | F18: 28 | G18: 2 | H18: 1 | J18: =C18 -> BWP | K18: =IF(B16=B15,K17,"") -> 01 Juni 2026 | L18: =IF(B16=B15,L17,"") -> 06 Juni 2026 | M18: =IF(B16=B15,M17,"") -> Jumat | N18: =IF(B16=B15,N17,"") -> Dua Puluh Sembilan | O18: =IF(B16=B15,O17,"") -> Mei | P18: =IF(B16=B15,P17,"") -> Dua Ribu Dua Puluh Enam | Q18: =IF(B16=B15,Q17,"") -> 29 Mei 2026 | Y18: Inda | Z18: =Z17 -> 19 | AE18: Inda | AF18: =AF17 -> 19 | AK18: Inda | AL18: =Z18-AF18 -> 0 | AQ18: =Z18 -> 19 | AR18: =AF18+AL18 -> 19 | AS18: =AR18-AQ18 -> 0 | CM18: RP | CN18: =AI11+AO11+AU11+BG11+BM11+BS11+BY11+CE11+CK11+BA11 -> 24480000 | CO18: TR PM | CP18: =CN17 -> 695130000 | CQ18: =CP18/(170000*3) -> 1363 | CU18: =1375*3*430000 -> 1773750000 | CV18: =CU18-CP16 -> -70560000
A19: 18 | B19: 2 | C19: BWP | D19: C | E19: =B19&D19 -> 2C | F19: 28 | G19: 2 | H19: 1 | J19: =C19 -> BWP | K19: =IF(B19=B18,K18,"") -> 01 Juni 2026 | L19: =IF(B19=B18,L18,"") -> 06 Juni 2026 | M19: =IF(B19=B18,M18,"") -> Jumat | N19: =IF(B19=B18,N18,"") -> Dua Puluh Sembilan | O19: =IF(B19=B18,O18,"") -> Mei | P19: =IF(B19=B18,P18,"") -> Dua Ribu Dua Puluh Enam | Q19: =IF(B19=B18,Q18,"") -> 29 Mei 2026 | Y19: Panitia | Z19: =Z17*2 -> 38 | AE19: Panitia | AF19: =AF17*2 -> 38 | AK19: Panitia | AL19: =Z19-AF19 -> 0 | AQ19: =Z19 -> 38 | AR19: =AF19+AL19 -> 38 | AS19: =AR19-AQ19 -> 0 | CO19: TR STIS | CP19: =CN23 -> 284070000 | CQ19: =CP19/(170000) -> 1671 | CR19: =CQ19+50 -> 1721
A20: 19 | B20: 2 | C20: BWP | D20: D | E20: =B20&D20 -> 2D | F20: 28 | G20: 2 | H20: 1 | J20: =C20 -> BWP | K20: =IF(B20=B19,K19,"") -> 01 Juni 2026 | L20: =IF(B20=B19,L19,"") -> 06 Juni 2026 | M20: =IF(B20=B19,M19,"") -> Jumat | N20: =IF(B20=B19,N19,"") -> Dua Puluh Sembilan | O20: =IF(B20=B19,O19,"") -> Mei | P20: =IF(B20=B19,P19,"") -> Dua Ribu Dua Puluh Enam | Q20: =IF(B20=B19,Q19,"") -> 29 Mei 2026 | Y20: PJ | Z20: 1 | AE20: PJ | AF20: 1 | AK20: PJ | AL20: =Z20-AF20 -> 0 | AQ20: =Z20 -> 1 | AR20: =AF20+AL20 -> 1 | AS20: =AR20-AQ20 -> 0 | CM20: STIS | CO20: RP | CP20: =CN18+CN24 -> 34170000 | CQ20: =CP20/(170000) -> 201
A21: 20 | B21: 2 | C21: BWP | D21: E | E21: =B21&D21 -> 2E | F21: 28 | G21: 2 | H21: 1 | J21: =C21 -> BWP | K21: =IF(B21=B20,K20,"") -> 01 Juni 2026 | L21: =IF(B21=B20,L20,"") -> 06 Juni 2026 | M21: =IF(B21=B20,M20,"") -> Jumat | N21: =IF(B21=B20,N20,"") -> Dua Puluh Sembilan | O21: =IF(B21=B20,O20,"") -> Mei | P21: =IF(B21=B20,P20,"") -> Dua Ribu Dua Puluh Enam | Q21: =IF(B21=B20,Q20,"") -> 29 Mei 2026 | Y21: Total Konsumsi | Z21: =Z16+Z18+Z19+Z20 -> 558 | AA21: 105000 | AB21: 3 | AC21: =Z21*AA21*AB21 -> 175770000 | AE21: Total Konsumsi | AF21: =AF16+AF18+AF19+AF20 -> 558 | AG21: 105000 | AH21: 3 | AI21: =AF21*AG21*AH21 -> 175770000 | AK21: Total Konsumsi | AL21: =Z21-AF21 -> 0 | AM21: 105000 | AN21: 3 | AO21: =AL21*AM21*AN21 -> 0 | AQ21: =Z21 -> 558 | AR21: =AF21+AL21 -> 558 | AS21: =AR21-AQ21 -> 0 | AV21: =557*3 -> 1671 | CM21: INDA | CN21: =AF17*25*123000 -> 58425000
A22: 21 | B22: 2 | C22: BWP | D22: F | E22: =B22&D22 -> 2F | F22: 25 | G22: 2 | H22: 1 | J22: =C22 -> BWP | K22: =IF(B22=B21,K21,"") -> 01 Juni 2026 | L22: =IF(B22=B21,L21,"") -> 06 Juni 2026 | M22: =IF(B22=B21,M21,"") -> Jumat | N22: =IF(B22=B21,N21,"") -> Dua Puluh Sembilan | O22: =IF(B22=B21,O21,"") -> Mei | P22: =IF(B22=B21,P21,"") -> Dua Ribu Dua Puluh Enam | Q22: =IF(B22=B21,Q21,"") -> 29 Mei 2026 | Y22: Transport Peserta | Z22: =Z16+Z18+Z19 -> 557 | AA22: 170000 | AB22: 3 | AC22: =Z22*AA22*AB22 -> 284070000 | AE22: Transport Peserta | AF22: =AF16+AF18+AF19 -> 557 | AG22: 170000 | AH22: 3 | AI22: =AF22*AG22*AH22 -> 284070000 | AK22: Transport Peserta | AL22: =Z22-AF22 -> 0 | AM22: 170000 | AN22: 3 | AO22: =AL22*AM22*AN22 -> 0 | AQ22: =Z22 -> 557 | AR22: =AF22+AL22 -> 557 | AS22: =AR22-AQ22 -> 0 | AV22: =AV21+23*3 -> 1740 | CM22: K | CN22: =AI21 -> 175770000
A23: 22 | B23: 2 | C23: HARPER | D23: G | E23: =B23&D23 -> 2G | F23: 27 | G23: 2 | H23: 1 | J23: =C23 -> HARPER | K23: =IF(B21=B20,K22,"") -> 01 Juni 2026 | L23: =IF(B21=B20,L22,"") -> 06 Juni 2026 | M23: =IF(B21=B20,M22,"") -> Jumat | N23: =IF(B21=B20,N22,"") -> Dua Puluh Sembilan | O23: =IF(B21=B20,O22,"") -> Mei | P23: =IF(B21=B20,P22,"") -> Dua Ribu Dua Puluh Enam | Q23: =IF(B21=B20,Q22,"") -> 29 Mei 2026 | Y23: Perjadin PJ | Z23: =Z20 -> 1 | AA23: 210000 | AB23: 3 | AC23: =Z23*AA23*AB23 -> 630000 | AE23: Perjadin PJ | AF23: =AF20 -> 1 | AG23: 210000 | AH23: 3 | AI23: =AF23*AG23*AH23 -> 630000 | AK23: Perjadin PJ | AL23: =Z23-AF23 -> 0 | AM23: 210000 | AN23: 3 | AO23: =AL23*AM23*AN23 -> 0 | AQ23: =Z23 -> 1 | AR23: =AF23+AL23 -> 1 | AS23: =AR23-AQ23 -> 0 | CM23: TR | CN23: =AI22 -> 284070000
A24: 23 | B24: 2 | C24: HARPER | D24: H | E24: =B24&D24 -> 2H | F24: 27 | G24: 2 | H24: 1 | J24: =C24 -> HARPER | K24: =IF(B22=B21,K23,"") -> 01 Juni 2026 | L24: =IF(B22=B21,L23,"") -> 06 Juni 2026 | M24: =IF(B22=B21,M23,"") -> Jumat | N24: =IF(B22=B21,N23,"") -> Dua Puluh Sembilan | O24: =IF(B22=B21,O23,"") -> Mei | P24: =IF(B22=B21,P23,"") -> Dua Ribu Dua Puluh Enam | Q24: =IF(B22=B21,Q23,"") -> 29 Mei 2026 | Y24: Transport Role Playing | Z24: =Z17*3 -> 57 | AA24: 150000 | AB24: 1 | AC24: =Z24*AA24*AB24 -> 8550000 | AE24: Transport Role Playing | AF24: =AF17*3 -> 57 | AG24: 170000 | AH24: 1 | AI24: =AF24*AG24*AH24 -> 9690000 | AK24: Transport Role Playing | AL24: =Z24-AF24 -> 0 | AM24: 170000 | AN24: 1 | AO24: =AL24*AM24*AN24 -> 0 | AQ24: =Z24 -> 57 | AR24: =AF24+AL24 -> 57 | AS24: =AR24-AQ24 -> 0 | CM24: RP | CN24: =AI24 -> 9690000
A25: 24 | B25: 2 | C25: HARPER | D25: I | E25: =B25&D25 -> 2I | F25: 27 | G25: 2 | H25: 1 | J25: =C25 -> HARPER | K25: =IF(B23=B22,K24,"") -> 01 Juni 2026 | L25: =IF(B23=B22,L24,"") -> 06 Juni 2026 | M25: =IF(B23=B22,M24,"") -> Jumat | N25: =IF(B23=B22,N24,"") -> Dua Puluh Sembilan | O25: =IF(B23=B22,O24,"") -> Mei | P25: =IF(B23=B22,P24,"") -> Dua Ribu Dua Puluh Enam | Q25: =IF(B23=B22,Q24,"") -> 29 Mei 2026 | Y25: TOTAL STIS | AC25: =SUM(AC21:AC24) -> 469020000 | AE25: TOTAL STIS 1 | AI25: =SUM(AI21:AI24) -> 470160000 | AK25: TOTAL STIS 2 | AO25: =SUM(AO21:AO24) -> 0 | AQ25: =AC25 -> 469020000 | AR25: =AI25+AO25 -> 470160000 | AS25: =AR25-AQ25 -> 1140000
A26: 25 | B26: 2 | C26: HARPER | D26: J | E26: =B26&D26 -> 2J | F26: 27 | G26: 2 | H26: 1 | J26: =C26 -> HARPER | K26: =IF(B24=B23,K25,"") -> 01 Juni 2026 | L26: =IF(B24=B23,L25,"") -> 06 Juni 2026 | M26: =IF(B24=B23,M25,"") -> Jumat | N26: =IF(B24=B23,N25,"") -> Dua Puluh Sembilan | O26: =IF(B24=B23,O25,"") -> Mei | P26: =IF(B24=B23,P25,"") -> Dua Ribu Dua Puluh Enam | Q26: =IF(B24=B23,Q25,"") -> 29 Mei 2026
A27: 26 | B27: 2 | C27: PARK | D27: K | E27: =B27&D27 -> 2K | F27: 27 | G27: 2 | H27: 1 | J27: =C27 -> PARK | K27: =IF(B25=B24,K26,"") -> 01 Juni 2026 | L27: =IF(B25=B24,L26,"") -> 06 Juni 2026 | M27: =IF(B25=B24,M26,"") -> Jumat | N27: =IF(B25=B24,N26,"") -> Dua Puluh Sembilan | O27: =IF(B25=B24,O26,"") -> Mei | P27: =IF(B25=B24,P26,"") -> Dua Ribu Dua Puluh Enam | Q27: =IF(B25=B24,Q26,"") -> 29 Mei 2026 | Y27: GRAND TOTAL PELATIHAN PETUGAS | AC27: =AC12+AC25 -> 3115290000
A28: 27 | B28: 2 | C28: PARK | D28: L | E28: =B28&D28 -> 2L | F28: 27 | G28: 2 | H28: 1 | J28: =C28 -> PARK | K28: =IF(B26=B25,K27,"") -> 01 Juni 2026 | L28: =IF(B26=B25,L27,"") -> 06 Juni 2026 | M28: =IF(B26=B25,M27,"") -> Jumat | N28: =IF(B26=B25,N27,"") -> Dua Puluh Sembilan | O28: =IF(B26=B25,O27,"") -> Mei | P28: =IF(B26=B25,P27,"") -> Dua Ribu Dua Puluh Enam | Q28: =IF(B26=B25,Q27,"") -> 29 Mei 2026
A29: 28 | B29: 2 | C29: PARK | D29: M | E29: =B29&D29 -> 2M | F29: 27 | G29: 2 | H29: 1 | J29: =C29 -> PARK | K29: =IF(B27=B26,K28,"") -> 01 Juni 2026 | L29: =IF(B27=B26,L28,"") -> 06 Juni 2026 | M29: =IF(B27=B26,M28,"") -> Jumat | N29: =IF(B27=B26,N28,"") -> Dua Puluh Sembilan | O29: =IF(B27=B26,O28,"") -> Mei | P29: =IF(B27=B26,P28,"") -> Dua Ribu Dua Puluh Enam | Q29: =IF(B27=B26,Q28,"") -> 29 Mei 2026 | Z29: =Z21 -> 558 | AA29: 56000 | AB29: =Z29*AA29*3 -> 93744000
A30: 29 | B30: 2 | C30: PARK | D30: N | E30: =B30&D30 -> 2N | F30: 27 | G30: 2 | H30: 1 | J30: =C30 -> PARK | K30: =IF(B28=B27,K29,"") -> 01 Juni 2026 | L30: =IF(B28=B27,L29,"") -> 06 Juni 2026 | M30: =IF(B28=B27,M29,"") -> Jumat | N30: =IF(B28=B27,N29,"") -> Dua Puluh Sembilan | O30: =IF(B28=B27,O29,"") -> Mei | P30: =IF(B28=B27,P29,"") -> Dua Ribu Dua Puluh Enam | Q30: =IF(B28=B27,Q29,"") -> 29 Mei 2026 | Z30: =Z21 -> 558 | AA30: =24000*2 -> 48000 | AB30: =Z30*AA30*3 -> 80352000
A31: 30 | B31: 2 | C31: PARK | D31: O | E31: =B31&D31 -> 2O | F31: 27 | G31: 2 | H31: 1 | J31: =C31 -> PARK | K31: =IF(B29=B28,K30,"") -> 01 Juni 2026 | L31: =IF(B29=B28,L30,"") -> 06 Juni 2026 | M31: =IF(B29=B28,M30,"") -> Jumat | N31: =IF(B29=B28,N30,"") -> Dua Puluh Sembilan | O31: =IF(B29=B28,O30,"") -> Mei | P31: =IF(B29=B28,P30,"") -> Dua Ribu Dua Puluh Enam | Q31: =IF(B29=B28,Q30,"") -> 29 Mei 2026
A32: 31 | B32: 3 | C32: BWP | D32: A | E32: =B32&D32 -> 3A | F32: 28 | G32: 2 | H32: 1 | I32: 1 | J32: =C32 -> BWP | K32: 05 Juni 2026 | L32: 10 Juni 2026 | M32: Kamis | N32: Empat | O32: Juni | P32: Dua Ribu Dua Puluh Enam | Q32: 04 Juni 2026
A33: 32 | B33: 3 | C33: BWP | D33: B | E33: =B33&D33 -> 3B | F33: 28 | G33: 2 | H33: 1 | J33: =C33 -> BWP | K33: =IF(B28=B27,K32,"") -> 05 Juni 2026 | L33: =IF(B28=B27,L32,"") -> 10 Juni 2026 | M33: =IF(B28=B27,M32,"") -> Kamis | N33: =IF(B28=B27,N32,"") -> Empat | O33: =IF(B28=B27,O32,"") -> Juni | P33: =IF(B28=B27,P32,"") -> Dua Ribu Dua Puluh Enam | Q33: =IF(B28=B27,Q32,"") -> 04 Juni 2026
A34: 33 | B34: 3 | C34: BWP | D34: C | E34: =B34&D34 -> 3C | F34: 28 | G34: 2 | H34: 1 | J34: =C34 -> BWP | K34: =IF(B29=B28,K33,"") -> 05 Juni 2026 | L34: =IF(B29=B28,L33,"") -> 10 Juni 2026 | M34: =IF(B29=B28,M33,"") -> Kamis | N34: =IF(B29=B28,N33,"") -> Empat | O34: =IF(B29=B28,O33,"") -> Juni | P34: =IF(B29=B28,P33,"") -> Dua Ribu Dua Puluh Enam | Q34: =IF(B29=B28,Q33,"") -> 04 Juni 2026 | Z34: =500*3*150000 -> 225000000
A35: 34 | B35: 3 | C35: BWP | D35: D | E35: =B35&D35 -> 3D | F35: 28 | G35: 2 | H35: 1 | J35: =C35 -> BWP | K35: =IF(B30=B29,K34,"") -> 05 Juni 2026 | L35: =IF(B30=B29,L34,"") -> 10 Juni 2026 | M35: =IF(B30=B29,M34,"") -> Kamis | N35: =IF(B30=B29,N34,"") -> Empat | O35: =IF(B30=B29,O34,"") -> Juni | P35: =IF(B30=B29,P34,"") -> Dua Ribu Dua Puluh Enam | Q35: =IF(B30=B29,Q34,"") -> 04 Juni 2026
A36: 35 | B36: 3 | C36: BWP | D36: E | E36: =B36&D36 -> 3E | F36: 28 | G36: 2 | H36: 1 | J36: =C36 -> BWP | K36: =IF(B31=B30,K35,"") -> 05 Juni 2026 | L36: =IF(B31=B30,L35,"") -> 10 Juni 2026 | M36: =IF(B31=B30,M35,"") -> Kamis | N36: =IF(B31=B30,N35,"") -> Empat | O36: =IF(B31=B30,O35,"") -> Juni | P36: =IF(B31=B30,P35,"") -> Dua Ribu Dua Puluh Enam | Q36: =IF(B31=B30,Q35,"") -> 04 Juni 2026
A37: 36 | B37: 3 | C37: BWP | D37: F | E37: =B37&D37 -> 3F | F37: 25 | G37: 2 | H37: 1 | J37: =C37 -> BWP | K37: =IF(B35=B34,K36,"") -> 05 Juni 2026 | L37: =IF(B35=B34,L36,"") -> 10 Juni 2026 | M37: =IF(B35=B34,M36,"") -> Kamis | N37: =IF(B35=B34,N36,"") -> Empat | O37: =IF(B35=B34,O36,"") -> Juni | P37: =IF(B35=B34,P36,"") -> Dua Ribu Dua Puluh Enam | Q37: =IF(B35=B34,Q36,"") -> 04 Juni 2026
A38: 37 | B38: 3 | C38: HARPER | D38: G | E38: =B38&D38 -> 3G | F38: 27 | G38: 2 | H38: 1 | J38: =C38 -> HARPER | K38: =IF(B36=B35,K37,"") -> 05 Juni 2026 | L38: =IF(B36=B35,L37,"") -> 10 Juni 2026 | M38: =IF(B36=B35,M37,"") -> Kamis | N38: =IF(B36=B35,N37,"") -> Empat | O38: =IF(B36=B35,O37,"") -> Juni | P38: =IF(B36=B35,P37,"") -> Dua Ribu Dua Puluh Enam | Q38: =IF(B36=B35,Q37,"") -> 04 Juni 2026
A39: 38 | B39: 3 | C39: HARPER | D39: H | E39: =B39&D39 -> 3H | F39: 27 | G39: 2 | H39: 1 | J39: =C39 -> HARPER | K39: =IF(B37=B36,K38,"") -> 05 Juni 2026 | L39: =IF(B37=B36,L38,"") -> 10 Juni 2026 | M39: =IF(B37=B36,M38,"") -> Kamis | N39: =IF(B37=B36,N38,"") -> Empat | O39: =IF(B37=B36,O38,"") -> Juni | P39: =IF(B37=B36,P38,"") -> Dua Ribu Dua Puluh Enam | Q39: =IF(B37=B36,Q38,"") -> 04 Juni 2026
A40: 39 | B40: 3 | C40: HARPER | D40: I | E40: =B40&D40 -> 3I | F40: 27 | G40: 2 | H40: 1 | J40: =C40 -> HARPER | K40: =IF(B38=B37,K39,"") -> 05 Juni 2026 | L40: =IF(B38=B37,L39,"") -> 10 Juni 2026 | M40: =IF(B38=B37,M39,"") -> Kamis | N40: =IF(B38=B37,N39,"") -> Empat | O40: =IF(B38=B37,O39,"") -> Juni | P40: =IF(B38=B37,P39,"") -> Dua Ribu Dua Puluh Enam | Q40: =IF(B38=B37,Q39,"") -> 04 Juni 2026
A41: 40 | B41: 3 | C41: HARPER | D41: J | E41: =B41&D41 -> 3J | F41: 27 | G41: 2 | H41: 1 | J41: =C41 -> HARPER | K41: =IF(B36=B35,K40,"") -> 05 Juni 2026 | L41: =IF(B36=B35,L40,"") -> 10 Juni 2026 | M41: =IF(B36=B35,M40,"") -> Kamis | N41: =IF(B36=B35,N40,"") -> Empat | O41: =IF(B36=B35,O40,"") -> Juni | P41: =IF(B36=B35,P40,"") -> Dua Ribu Dua Puluh Enam | Q41: =IF(B36=B35,Q40,"") -> 04 Juni 2026
A42: 41 | B42: 3 | C42: HARPER | D42: K | E42: =B42&D42 -> 3K | F42: 27 | G42: 2 | H42: 1 | J42: =C42 -> HARPER | K42: =IF(B37=B36,K41,"") -> 05 Juni 2026 | L42: =IF(B37=B36,L41,"") -> 10 Juni 2026 | M42: =IF(B37=B36,M41,"") -> Kamis | N42: =IF(B37=B36,N41,"") -> Empat | O42: =IF(B37=B36,O41,"") -> Juni | P42: =IF(B37=B36,P41,"") -> Dua Ribu Dua Puluh Enam | Q42: =IF(B37=B36,Q41,"") -> 04 Juni 2026
A43: 42 | B43: 3 | C43: PARK | D43: L | E43: =B43&D43 -> 3L | F43: 27 | G43: 2 | H43: 1 | J43: =C43 -> PARK | K43: =IF(B38=B37,K42,"") -> 05 Juni 2026 | L43: =IF(B38=B37,L42,"") -> 10 Juni 2026 | M43: =IF(B38=B37,M42,"") -> Kamis | N43: =IF(B38=B37,N42,"") -> Empat | O43: =IF(B38=B37,O42,"") -> Juni | P43: =IF(B38=B37,P42,"") -> Dua Ribu Dua Puluh Enam | Q43: =IF(B38=B37,Q42,"") -> 04 Juni 2026
A44: 43 | B44: 3 | C44: PARK | D44: M | E44: =B44&D44 -> 3M | F44: 27 | G44: 2 | H44: 1 | J44: =C44 -> PARK | K44: =IF(B39=B38,K43,"") -> 05 Juni 2026 | L44: =IF(B39=B38,L43,"") -> 10 Juni 2026 | M44: =IF(B39=B38,M43,"") -> Kamis | N44: =IF(B39=B38,N43,"") -> Empat | O44: =IF(B39=B38,O43,"") -> Juni | P44: =IF(B39=B38,P43,"") -> Dua Ribu Dua Puluh Enam | Q44: =IF(B39=B38,Q43,"") -> 04 Juni 2026
A45: 44 | B45: 3 | C45: PARK | D45: N | E45: =B45&D45 -> 3N | F45: 27 | G45: 2 | H45: 1 | J45: =C45 -> PARK | K45: =IF(B40=B39,K44,"") -> 05 Juni 2026 | L45: =IF(B40=B39,L44,"") -> 10 Juni 2026 | M45: =IF(B40=B39,M44,"") -> Kamis | N45: =IF(B40=B39,N44,"") -> Empat | O45: =IF(B40=B39,O44,"") -> Juni | P45: =IF(B40=B39,P44,"") -> Dua Ribu Dua Puluh Enam | Q45: =IF(B40=B39,Q44,"") -> 04 Juni 2026
A46: 45 | B46: 3 | C46: PARK | D46: O | E46: =B46&D46 -> 3O | F46: 27 | G46: 2 | H46: 1 | J46: =C46 -> PARK | K46: =IF(B41=B40,K45,"") -> 05 Juni 2026 | L46: =IF(B41=B40,L45,"") -> 10 Juni 2026 | M46: =IF(B41=B40,M45,"") -> Kamis | N46: =IF(B41=B40,N45,"") -> Empat | O46: =IF(B41=B40,O45,"") -> Juni | P46: =IF(B41=B40,P45,"") -> Dua Ribu Dua Puluh Enam | Q46: =IF(B41=B40,Q45,"") -> 04 Juni 2026
A47: 46 | B47: 4 | C47: STIS | D47: A | E47: =B47&D47 -> 4A | F47: 27 | G47: 2 | H47: 1 | I47: 1 | J47: =C47 -> STIS | K47: 08 Juni 2026 | L47: 13 Juni 2026 | M47: Jumat | N47: Lima | O47: Juni | P47: Dua Ribu Dua Puluh Enam | Q47: 05 Juni 2026
A48: 47 | B48: 4 | C48: STIS | D48: B | E48: =B48&D48 -> 4B | F48: 27 | G48: 2 | H48: 1 | J48: =C48 -> STIS | K48: =IF(B31=B30,K47,"") -> 08 Juni 2026 | L48: =IF(B31=B30,L47,"") -> 13 Juni 2026 | M48: =IF(B31=B30,M47,"") -> Jumat | N48: =IF(B31=B30,N47,"") -> Lima | O48: =IF(B31=B30,O47,"") -> Juni | P48: =IF(B31=B30,P47,"") -> Dua Ribu Dua Puluh Enam | Q48: =IF(B31=B30,Q47,"") -> 05 Juni 2026
A49: 48 | B49: 4 | C49: STIS | D49: C | E49: =B49&D49 -> 4C | F49: 27 | G49: 2 | H49: 1 | J49: =C49 -> STIS | K49: =IF(B49=B48,K48,"") -> 08 Juni 2026 | L49: =IF(B49=B48,L48,"") -> 13 Juni 2026 | M49: =IF(B49=B48,M48,"") -> Jumat | N49: =IF(B49=B48,N48,"") -> Lima | O49: =IF(B49=B48,O48,"") -> Juni | P49: =IF(B49=B48,P48,"") -> Dua Ribu Dua Puluh Enam | Q49: =IF(B49=B48,Q48,"") -> 05 Juni 2026
A50: 49 | B50: 4 | C50: STIS | D50: D | E50: =B50&D50 -> 4D | F50: 27 | G50: 2 | H50: 1 | J50: =C50 -> STIS | K50: =IF(B50=B49,K49,"") -> 08 Juni 2026 | L50: =IF(B50=B49,L49,"") -> 13 Juni 2026 | M50: =IF(B50=B49,M49,"") -> Jumat | N50: =IF(B50=B49,N49,"") -> Lima | O50: =IF(B50=B49,O49,"") -> Juni | P50: =IF(B50=B49,P49,"") -> Dua Ribu Dua Puluh Enam | Q50: =IF(B50=B49,Q49,"") -> 05 Juni 2026
A51: 50 | B51: 4 | C51: STIS | D51: E | E51: =B51&D51 -> 4E | F51: 27 | G51: 2 | H51: 1 | J51: =C51 -> STIS | K51: =IF(B49=B48,K50,"") -> 08 Juni 2026 | L51: =IF(B49=B48,L50,"") -> 13 Juni 2026 | M51: =IF(B49=B48,M50,"") -> Jumat | N51: =IF(B49=B48,N50,"") -> Lima | O51: =IF(B49=B48,O50,"") -> Juni | P51: =IF(B49=B48,P50,"") -> Dua Ribu Dua Puluh Enam | Q51: =IF(B49=B48,Q50,"") -> 05 Juni 2026
A52: 51 | B52: 4 | C52: STIS | D52: F | E52: =B52&D52 -> 4F | F52: 27 | G52: 2 | H52: 1 | J52: =C52 -> STIS | K52: =IF(B50=B49,K51,"") -> 08 Juni 2026 | L52: =IF(B50=B49,L51,"") -> 13 Juni 2026 | M52: =IF(B50=B49,M51,"") -> Jumat | N52: =IF(B50=B49,N51,"") -> Lima | O52: =IF(B50=B49,O51,"") -> Juni | P52: =IF(B50=B49,P51,"") -> Dua Ribu Dua Puluh Enam | Q52: =IF(B50=B49,Q51,"") -> 05 Juni 2026
A53: 52 | B53: 4 | C53: STIS | D53: G | E53: =B53&D53 -> 4G | F53: 26 | G53: 2 | H53: 1 | J53: =C53 -> STIS | K53: =IF(B51=B50,K52,"") -> 08 Juni 2026 | L53: =IF(B51=B50,L52,"") -> 13 Juni 2026 | M53: =IF(B51=B50,M52,"") -> Jumat | N53: =IF(B51=B50,N52,"") -> Lima | O53: =IF(B51=B50,O52,"") -> Juni | P53: =IF(B51=B50,P52,"") -> Dua Ribu Dua Puluh Enam | Q53: =IF(B51=B50,Q52,"") -> 05 Juni 2026
A54: 53 | B54: 4 | C54: STIS | D54: H | E54: =B54&D54 -> 4H | F54: 26 | G54: 2 | H54: 1 | J54: =C54 -> STIS | K54: =IF(B52=B51,K53,"") -> 08 Juni 2026 | L54: =IF(B52=B51,L53,"") -> 13 Juni 2026 | M54: =IF(B52=B51,M53,"") -> Jumat | N54: =IF(B52=B51,N53,"") -> Lima | O54: =IF(B52=B51,O53,"") -> Juni | P54: =IF(B52=B51,P53,"") -> Dua Ribu Dua Puluh Enam | Q54: =IF(B52=B51,Q53,"") -> 05 Juni 2026
A55: 54 | B55: 4 | C55: STIS | D55: I | E55: =B55&D55 -> 4I | F55: 26 | G55: 2 | H55: 1 | J55: =C55 -> STIS | K55: =IF(B53=B52,K54,"") -> 08 Juni 2026 | L55: =IF(B53=B52,L54,"") -> 13 Juni 2026 | M55: =IF(B53=B52,M54,"") -> Jumat | N55: =IF(B53=B52,N54,"") -> Lima | O55: =IF(B53=B52,O54,"") -> Juni | P55: =IF(B53=B52,P54,"") -> Dua Ribu Dua Puluh Enam | Q55: =IF(B53=B52,Q54,"") -> 05 Juni 2026
A56: 55 | B56: 4 | C56: STIS | D56: J | E56: =B56&D56 -> 4J | F56: 26 | G56: 2 | H56: 1 | J56: =C56 -> STIS | K56: =IF(B54=B53,K55,"") -> 08 Juni 2026 | L56: =IF(B54=B53,L55,"") -> 13 Juni 2026 | M56: =IF(B54=B53,M55,"") -> Jumat | N56: =IF(B54=B53,N55,"") -> Lima | O56: =IF(B54=B53,O55,"") -> Juni | P56: =IF(B54=B53,P55,"") -> Dua Ribu Dua Puluh Enam | Q56: =IF(B54=B53,Q55,"") -> 05 Juni 2026
A57: 56 | B57: 4 | C57: STIS | D57: K | E57: =B57&D57 -> 4K | F57: 26 | G57: 2 | H57: 1 | J57: =C57 -> STIS | K57: =IF(B55=B54,K56,"") -> 08 Juni 2026 | L57: =IF(B55=B54,L56,"") -> 13 Juni 2026 | M57: =IF(B55=B54,M56,"") -> Jumat | N57: =IF(B55=B54,N56,"") -> Lima | O57: =IF(B55=B54,O56,"") -> Juni | P57: =IF(B55=B54,P56,"") -> Dua Ribu Dua Puluh Enam | Q57: =IF(B55=B54,Q56,"") -> 05 Juni 2026
A58: 57 | B58: 4 | C58: STIS | D58: L | E58: =B58&D58 -> 4L | F58: 26 | G58: 2 | H58: 1 | J58: =C58 -> STIS | K58: =IF(B56=B55,K57,"") -> 08 Juni 2026 | L58: =IF(B56=B55,L57,"") -> 13 Juni 2026 | M58: =IF(B56=B55,M57,"") -> Jumat | N58: =IF(B56=B55,N57,"") -> Lima | O58: =IF(B56=B55,O57,"") -> Juni | P58: =IF(B56=B55,P57,"") -> Dua Ribu Dua Puluh Enam | Q58: =IF(B56=B55,Q57,"") -> 05 Juni 2026
A59: 58 | B59: 4 | C59: STIS | D59: M | E59: =B59&D59 -> 4M | F59: 26 | G59: 2 | H59: 1 | J59: =C59 -> STIS | K59: =IF(B57=B56,K58,"") -> 08 Juni 2026 | L59: =IF(B57=B56,L58,"") -> 13 Juni 2026 | M59: =IF(B57=B56,M58,"") -> Jumat | N59: =IF(B57=B56,N58,"") -> Lima | O59: =IF(B57=B56,O58,"") -> Juni | P59: =IF(B57=B56,P58,"") -> Dua Ribu Dua Puluh Enam | Q59: =IF(B57=B56,Q58,"") -> 05 Juni 2026
A60: 59 | B60: 4 | C60: STIS | D60: N | E60: =B60&D60 -> 4N | F60: 26 | G60: 2 | H60: 1 | J60: =C60 -> STIS | K60: =IF(B58=B57,K59,"") -> 08 Juni 2026 | L60: =IF(B58=B57,L59,"") -> 13 Juni 2026 | M60: =IF(B58=B57,M59,"") -> Jumat | N60: =IF(B58=B57,N59,"") -> Lima | O60: =IF(B58=B57,O59,"") -> Juni | P60: =IF(B58=B57,P59,"") -> Dua Ribu Dua Puluh Enam | Q60: =IF(B58=B57,Q59,"") -> 05 Juni 2026
A61: 60 | B61: 4 | C61: STIS | D61: O | E61: =B61&D61 -> 4O | F61: 26 | G61: 2 | H61: 1 | J61: =C61 -> STIS | K61: =IF(B59=B58,K60,"") -> 08 Juni 2026 | L61: =IF(B59=B58,L60,"") -> 13 Juni 2026 | M61: =IF(B59=B58,M60,"") -> Jumat | N61: =IF(B59=B58,N60,"") -> Lima | O61: =IF(B59=B58,O60,"") -> Juni | P61: =IF(B59=B58,P60,"") -> Dua Ribu Dua Puluh Enam | Q61: =IF(B59=B58,Q60,"") -> 05 Juni 2026
A62: 61 | B62: 4 | C62: STIS | D62: P | E62: =B62&D62 -> 4P | F62: 26 | G62: 2 | H62: 1 | J62: =C62 -> STIS | K62: =IF(B60=B59,K61,"") -> 08 Juni 2026 | L62: =IF(B60=B59,L61,"") -> 13 Juni 2026 | M62: =IF(B60=B59,M61,"") -> Jumat | N62: =IF(B60=B59,N61,"") -> Lima | O62: =IF(B60=B59,O61,"") -> Juni | P62: =IF(B60=B59,P61,"") -> Dua Ribu Dua Puluh Enam | Q62: =IF(B60=B59,Q61,"") -> 05 Juni 2026
... A68: 67 | B68: 4 | C68: BWP | D68: V | E68: =B68&D68 -> 4V | F68: 28 | G68: 2 | H68: 1 | J68: =C68 -> BWP | K68: =IF(B66=B65,K67,"") -> 08 Juni 2026 | L68: =IF(B66=B65,L67,"") -> 13 Juni 2026 | M68: =IF(B66=B65,M67,"") -> Jumat | N68: =IF(B66=B65,N67,"") -> Lima | O68: =IF(B66=B65,O67,"") -> Juni | P68: =IF(B66=B65,P67,"") -> Dua Ribu Dua Puluh Enam | Q68: =IF(B66=B65,Q67,"") -> 05 Juni 2026
A70: TC | B70: GELOMBANG | F70: TOTAL
B71: 1 | C71: 2 | D71: 3 | E71: 4 | G71: RATE
A72: BWP | B72: =SUM(F2:I7)-1 -> 183 | C72: =SUM(F17:I22)-3 -> 181 | D72: =SUM(F32:I37) -> 184 | E72: =SUM(F66:I68) -> 93 | F72: =SUM(B72:E72) -> 641 | G72: 430000 | H72: =F72*3 -> 1923 | I72: =G72*H72 -> 826890000
A73: HARPER | B73: =SUM(F8:I11) -> 124 | C73: =SUM(F23:I26) -> 120 | D73: =SUM(F38:I42) -> 150 | E73: 0 | F73: =SUM(B73:E73) -> 394 | G73: 430000 | H73: =F73*3 -> 1182 | I73: =G73*H73 -> 508260000
A74: PARK | B74: =SUM(F12:I16) -> 150 | C74: =SUM(F27:I31) -> 150 | D74: =SUM(F43:I46) -> 120 | E74: 0 | F74: =SUM(B74:E74) -> 420 | G74: 400000 | H74: =F74*3 -> 1260 | I74: =G74*H74 -> 504000000
A75: STIS | B75: 0 | C75: 0 | D75: 0 | E75: =SUM(F47:I65) -> 558 | F75: =SUM(B75:E75) -> 558
A76: TOTAL | B76: =SUM(B72:B75) -> 457 | C76: =SUM(C72:C75) -> 451 | D76: =SUM(D72:D75) -> 454 | E76: =SUM(E72:E75) -> 651 | F76: =SUM(B76:E76) -> 2013 | H76: =SUM(D76:G76) -> 3118 | I76: =SUM(I72:I74) -> 1839150000

Sheet PEGAWAI (REFERENSI)
A1: Widiastuti | B1: IV/a | C1: Pembina | D1: =C1&"/"&B1 -> Pembina/IV/a | E1: widiastuti3
A2: Habi Cahya Kumara | B2: IV/a | C2: Pembina | D2: =C2&"/"&B2 -> Pembina/IV/a | E2: habi
A3: Nuraliyah | B3: IV/a | C3: Pembina | D3: =C3&"/"&B3 -> Pembina/IV/a | E3: nuraliyah
A4: Dahlia Triyanti | B4: IV/a | C4: Pembina | D4: =C4&"/"&B4 -> Pembina/IV/a | E4: dahliatriyanti
A5: Hendriko Yanis | B5: III/d | C5: Penata Tk. I | D5: =C5&"/"&B5 -> Penata Tk. I/III/d | E5: hendriko
A6: Urip Kurniawan | B6: III/d | C6: Penata Tk. I | D6: =C6&"/"&B6 -> Penata Tk. I/III/d | E6: uripk
A7: Fauzia Miranti | B7: III/d | C7: Penata Tk. I | D7: =C7&"/"&B7 -> Penata Tk. I/III/d | E7: fauzia.miranti
A8: Armadi Setiawan | B8: III/d | C8: Penata Tk. I | D8: =C8&"/"&B8 -> Penata Tk. I/III/d | E8: armadis
A9: Pascoal Rocha Daconceicao | B9: III/c | C9: Penata | D9: =C9&"/"&B9 -> Penata/III/c | E9: pascoal
A10: Fitriyani | B10: III/d | C10: Penata Tk. I | D10: =C10&"/"&B10 -> Penata Tk. I/III/d | E10: fitriyani
A11: Nikodemus | B11: III/c | C11: Penata | D11: =C11&"/"&B11 -> Penata/III/c | E11: nikodemus
A12: Rizki Oktavian Wardhana | B12: III/c | C12: Penata | D12: =C12&"/"&B12 -> Penata/III/c | E12: rizki.ow
... A39: Nurhadi Fadilah | B39: I | C39: Golongan I | D39: =C39&"/"&B39 -> Golongan I/I | E39: nurhadifadil-pppk

Sheet PPL (ENTRI)
A1: No | B1: Gelombang | C1: Kelas | D1: Gel-Kelas | E1: TC | F1: Nomor Kontrak | G1: Nama Lengkap | H1: SOBAT ID | I1: Profesi | J1: Alamat | K1: Email | L1: No. Telepon | M1: Hari | N1: Tanggal | O1: Bulan | P1: Tahun | Q1: Tempat | R1: Tanggal Kontrak | S1: Tanggal | T1: Deadline | U1: Jumlah SLS | V1: Jumlah Muatan | W1: Keterangan Jika SLS Lebih dari 20 SLS/Sub SLS | X1: Keterangan Jika Muatan Kurang dari 650 | Y1: Keterangan Jika Muatan Lebih dari 700 | Z1: Keterangan Jika Lintas Kecamatan
A2: 0001 | D2: =B2&C2 | E2: =VLOOKUP(D2,'KELAS (REFERENSI)'!$E$1:$J$68,6,FALSE) -> #N/A | F2: ="PETUGAS."&A2&"/SPK/SE/PPL/3172/2026" -> PETUGAS.0001/SPK/SE/PPL/3172/2026 | H2: =VLOOKUP(G2,'MITRA (REFERENSI)'!$A:$Z,16,FALSE) -> #N/A | I2: =VLOOKUP(G2,'MITRA (REFERENSI)'!$A:$Z,25,FALSE) -> #N/A | J2: =VLOOKUP(G2,'MITRA (REFERENSI)'!$A:$Z,26,FALSE) -> #N/A | K2: =VLOOKUP(G2,'MITRA (REFERENSI)'!$A:$Z,15,FALSE) -> #N/A | L2: =VLOOKUP(G2,'MITRA (REFERENSI)'!$A:$Z,15,FALSE) -> #N/A | M2: =IF(B2=1,'KELAS (REFERENSI)'!M2,IF(B2=2,'KELAS (REFERENSI)'!M17,IF(B2=3,'KELAS (REFERENSI)'!M32,IF(B2=4,'KELAS (REFERENSI)'!M47,"")))) | N2: =IF(B2=1,'KELAS (REFERENSI)'!N2,IF(B2=2,'KELAS (REFERENSI)'!N17,IF(B2=3,'KELAS (REFERENSI)'!N32,IF(B2=4,'KELAS (REFERENSI)'!N47,"")))) | O2: =IF(B2=1,'KELAS (REFERENSI)'!O2,IF(B2=2,'KELAS (REFERENSI)'!O17,IF(B2=3,'KELAS (REFERENSI)'!O32,IF(B2=4,'KELAS (REFERENSI)'!O47,"")))) | P2: =IF(B2=1,'KELAS (REFERENSI)'!P2,IF(B2=2,'KELAS (REFERENSI)'!P17,IF(B2=3,'KELAS (REFERENSI)'!P32,IF(B2=4,'KELAS (REFERENSI)'!P47,"")))) | Q2: BPS Kota Jakarta Timur | R2: =IF(B2=1,'[1]KELAS (REF) 1080'!L2,IF(B2=2,'[1]KELAS (REF) 1080'!L15,IF(B2=3,'[1]KELAS (REF) 1080'!L45,""))) | S2: 15 Juni sampai dengan 31 Agustus 2026 | T2: 31 Agustus 2026
A3: 0002 | D3: =B3&C3 | E3: =VLOOKUP(D3,'KELAS (REFERENSI)'!$E$1:$J$68,6,FALSE) -> #N/A | F3: ="PETUGAS."&A3&"/SPK/SE/PPL/3172/2026" -> PETUGAS.0002/SPK/SE/PPL/3172/2026 | H3: =VLOOKUP(G3,'MITRA (REFERENSI)'!$A:$Z,16,FALSE) -> #N/A | I3: =VLOOKUP(G3,'MITRA (REFERENSI)'!$A:$Z,25,FALSE) -> #N/A | J3: =VLOOKUP(G3,'MITRA (REFERENSI)'!$A:$Z,26,FALSE) -> #N/A | K3: =VLOOKUP(G3,'MITRA (REFERENSI)'!$A:$Z,15,FALSE) -> #N/A | L3: =VLOOKUP(G3,'MITRA (REFERENSI)'!$A:$Z,15,FALSE) -> #N/A | M3: =IF(B3=1,'KELAS (REFERENSI)'!M3,IF(B3=2,'KELAS (REFERENSI)'!M18,IF(B3=3,'KELAS (REFERENSI)'!M33,IF(B3=4,'KELAS (REFERENSI)'!M48,"")))) | N3: =IF(B3=1,'KELAS (REFERENSI)'!N3,IF(B3=2,'KELAS (REFERENSI)'!N18,IF(B3=3,'KELAS (REFERENSI)'!N33,IF(B3=4,'KELAS (REFERENSI)'!N48,"")))) | O3: =IF(B3=1,'KELAS (REFERENSI)'!O3,IF(B3=2,'KELAS (REFERENSI)'!O18,IF(B3=3,'KELAS (REFERENSI)'!O33,IF(B3=4,'KELAS (REFERENSI)'!O48,"")))) | P3: =IF(B3=1,'KELAS (REFERENSI)'!P3,IF(B3=2,'KELAS (REFERENSI)'!P18,IF(B3=3,'KELAS (REFERENSI)'!P33,IF(B3=4,'KELAS (REFERENSI)'!P48,"")))) | Q3: =Q2 -> BPS Kota Jakarta Timur | R3: =IF(B3=1,'[1]KELAS (REF) 1080'!L3,IF(B3=2,'[1]KELAS (REF) 1080'!L23,IF(B3=3,'[1]KELAS (REF) 1080'!L46,""))) | S3: =S2 -> 15 Juni sampai dengan 31 Agustus 2026 | T3: =T2 -> 31 Agustus 2026
A4: 0003 | D4: =B4&C4 | E4: =VLOOKUP(D4,'KELAS (REFERENSI)'!$E$1:$J$68,6,FALSE) -> #N/A | F4: ="PETUGAS."&A4&"/SPK/SE/PPL/3172/2026" -> PETUGAS.0003/SPK/SE/PPL/3172/2026 | H4: =VLOOKUP(G4,'MITRA (REFERENSI)'!$A:$Z,16,FALSE) -> #N/A | I4: =VLOOKUP(G4,'MITRA (REFERENSI)'!$A:$Z,25,FALSE) -> #N/A | J4: =VLOOKUP(G4,'MITRA (REFERENSI)'!$A:$Z,26,FALSE) -> #N/A | K4: =VLOOKUP(G4,'MITRA (REFERENSI)'!$A:$Z,15,FALSE) -> #N/A | L4: =VLOOKUP(G4,'MITRA (REFERENSI)'!$A:$Z,15,FALSE) -> #N/A | M4: =IF(B4=1,'KELAS (REFERENSI)'!M4,IF(B4=2,'KELAS (REFERENSI)'!M19,IF(B4=3,'KELAS (REFERENSI)'!M34,IF(B4=4,'KELAS (REFERENSI)'!M49,"")))) | N4: =IF(B4=1,'KELAS (REFERENSI)'!N4,IF(B4=2,'KELAS (REFERENSI)'!N19,IF(B4=3,'KELAS (REFERENSI)'!N34,IF(B4=4,'KELAS (REFERENSI)'!N49,"")))) | O4: =IF(B4=1,'KELAS (REFERENSI)'!O4,IF(B4=2,'KELAS (REFERENSI)'!O19,IF(B4=3,'KELAS (REFERENSI)'!O34,IF(B4=4,'KELAS (REFERENSI)'!O49,"")))) | P4: =IF(B4=1,'KELAS (REFERENSI)'!P4,IF(B4=2,'KELAS (REFERENSI)'!P19,IF(B4=3,'KELAS (REFERENSI)'!P34,IF(B4=4,'KELAS (REFERENSI)'!P49,"")))) | Q4: =Q3 -> BPS Kota Jakarta Timur | R4: =IF(B4=1,'[1]KELAS (REF) 1080'!L4,IF(B4=2,'[1]KELAS (REF) 1080'!L24,IF(B4=3,'[1]KELAS (REF) 1080'!L47,""))) | S4: =S3 -> 15 Juni sampai dengan 31 Agustus 2026 | T4: =T3 -> 31 Agustus 2026
A5: 0004 | D5: =B5&C5 | E5: =VLOOKUP(D5,'KELAS (REFERENSI)'!$E$1:$J$68,6,FALSE) -> #N/A | F5: ="PETUGAS."&A5&"/SPK/SE/PPL/3172/2026" -> PETUGAS.0004/SPK/SE/PPL/3172/2026 | H5: =VLOOKUP(G5,'MITRA (REFERENSI)'!$A:$Z,16,FALSE) -> #N/A | I5: =VLOOKUP(G5,'MITRA (REFERENSI)'!$A:$Z,25,FALSE) -> #N/A | J5: =VLOOKUP(G5,'MITRA (REFERENSI)'!$A:$Z,26,FALSE) -> #N/A | K5: =VLOOKUP(G5,'MITRA (REFERENSI)'!$A:$Z,15,FALSE) -> #N/A | L5: =VLOOKUP(G5,'MITRA (REFERENSI)'!$A:$Z,15,FALSE) -> #N/A | M5: =IF(B5=1,'KELAS (REFERENSI)'!M5,IF(B5=2,'KELAS (REFERENSI)'!M20,IF(B5=3,'KELAS (REFERENSI)'!M35,IF(B5=4,'KELAS (REFERENSI)'!M50,"")))) | N5: =IF(B5=1,'KELAS (REFERENSI)'!N5,IF(B5=2,'KELAS (REFERENSI)'!N20,IF(B5=3,'KELAS (REFERENSI)'!N35,IF(B5=4,'KELAS (REFERENSI)'!N50,"")))) | O5: =IF(B5=1,'KELAS (REFERENSI)'!O5,IF(B5=2,'KELAS (REFERENSI)'!O20,IF(B5=3,'KELAS (REFERENSI)'!O35,IF(B5=4,'KELAS (REFERENSI)'!O50,"")))) | P5: =IF(B5=1,'KELAS (REFERENSI)'!P5,IF(B5=2,'KELAS (REFERENSI)'!P20,IF(B5=3,'KELAS (REFERENSI)'!P35,IF(B5=4,'KELAS (REFERENSI)'!P50,"")))) | Q5: =Q4 -> BPS Kota Jakarta Timur | R5: =IF(B5=1,'[1]KELAS (REF) 1080'!L5,IF(B5=2,'[1]KELAS (REF) 1080'!L25,IF(B5=3,'[1]KELAS (REF) 1080'!#REF!,""))) -> #ERROR! | S5: =S4 -> 15 Juni sampai dengan 31 Agustus 2026 | T5: =T4 -> 31 Agustus 2026
A6: 0005 | D6: =B6&C6 | E6: =VLOOKUP(D6,'KELAS (REFERENSI)'!$E$1:$J$68,6,FALSE) -> #N/A | F6: ="PETUGAS."&A6&"/SPK/SE/PPL/3172/2026" -> PETUGAS.0005/SPK/SE/PPL/3172/2026 | H6: =VLOOKUP(G6,'MITRA (REFERENSI)'!$A:$Z,16,FALSE) -> #N/A | I6: =VLOOKUP(G6,'MITRA (REFERENSI)'!$A:$Z,25,FALSE) -> #N/A | J6: =VLOOKUP(G6,'MITRA (REFERENSI)'!$A:$Z,26,FALSE) -> #N/A | K6: =VLOOKUP(G6,'MITRA (REFERENSI)'!$A:$Z,15,FALSE) -> #N/A | L6: =VLOOKUP(G6,'MITRA (REFERENSI)'!$A:$Z,15,FALSE) -> #N/A | M6: =IF(B6=1,'KELAS (REFERENSI)'!M6,IF(B6=2,'KELAS (REFERENSI)'!M21,IF(B6=3,'KELAS (REFERENSI)'!M36,IF(B6=4,'KELAS (REFERENSI)'!M51,"")))) | N6: =IF(B6=1,'KELAS (REFERENSI)'!N6,IF(B6=2,'KELAS (REFERENSI)'!N21,IF(B6=3,'KELAS (REFERENSI)'!N36,IF(B6=4,'KELAS (REFERENSI)'!N51,"")))) | O6: =IF(B6=1,'KELAS (REFERENSI)'!O6,IF(B6=2,'KELAS (REFERENSI)'!O21,IF(B6=3,'KELAS (REFERENSI)'!O36,IF(B6=4,'KELAS (REFERENSI)'!O51,"")))) | P6: =IF(B6=1,'KELAS (REFERENSI)'!P6,IF(B6=2,'KELAS (REFERENSI)'!P21,IF(B6=3,'KELAS (REFERENSI)'!P36,IF(B6=4,'KELAS (REFERENSI)'!P51,"")))) | Q6: =Q5 -> BPS Kota Jakarta Timur | R6: =IF(B6=1,'[1]KELAS (REF) 1080'!L6,IF(B6=2,'[1]KELAS (REF) 1080'!L26,IF(B6=3,'[1]KELAS (REF) 1080'!#REF!,""))) -> #ERROR! | S6: =S5 -> 15 Juni sampai dengan 31 Agustus 2026 | T6: =T5 -> 31 Agustus 2026
A7: 0006 | D7: =B7&C7 | E7: =VLOOKUP(D7,'KELAS (REFERENSI)'!$E$1:$J$68,6,FALSE) -> #N/A | F7: ="PETUGAS."&A7&"/SPK/SE/PPL/3172/2026" -> PETUGAS.0006/SPK/SE/PPL/3172/2026 | H7: =VLOOKUP(G7,'MITRA (REFERENSI)'!$A:$Z,16,FALSE) -> #N/A | I7: =VLOOKUP(G7,'MITRA (REFERENSI)'!$A:$Z,25,FALSE) -> #N/A | J7: =VLOOKUP(G7,'MITRA (REFERENSI)'!$A:$Z,26,FALSE) -> #N/A | K7: =VLOOKUP(G7,'MITRA (REFERENSI)'!$A:$Z,15,FALSE) -> #N/A | L7: =VLOOKUP(G7,'MITRA (REFERENSI)'!$A:$Z,15,FALSE) -> #N/A | M7: =IF(B7=1,'KELAS (REFERENSI)'!M7,IF(B7=2,'KELAS (REFERENSI)'!M22,IF(B7=3,'KELAS (REFERENSI)'!M37,IF(B7=4,'KELAS (REFERENSI)'!M52,"")))) | N7: =IF(B7=1,'KELAS (REFERENSI)'!N7,IF(B7=2,'KELAS (REFERENSI)'!N22,IF(B7=3,'KELAS (REFERENSI)'!N37,IF(B7=4,'KELAS (REFERENSI)'!N52,"")))) | O7: =IF(B7=1,'KELAS (REFERENSI)'!O7,IF(B7=2,'KELAS (REFERENSI)'!O22,IF(B7=3,'KELAS (REFERENSI)'!O37,IF(B7=4,'KELAS (REFERENSI)'!O52,"")))) | P7: =IF(B7=1,'KELAS (REFERENSI)'!P7,IF(B7=2,'KELAS (REFERENSI)'!P22,IF(B7=3,'KELAS (REFERENSI)'!P37,IF(B7=4,'KELAS (REFERENSI)'!P52,"")))) | Q7: =Q6 -> BPS Kota Jakarta Timur | R7: =IF(B7=1,'[1]KELAS (REF) 1080'!L7,IF(B7=2,'[1]KELAS (REF) 1080'!L27,IF(B7=3,'[1]KELAS (REF) 1080'!#REF!,""))) -> #ERROR! | S7: =S6 -> 15 Juni sampai dengan 31 Agustus 2026 | T7: =T6 -> 31 Agustus 2026
A8: 0007 | D8: =B8&C8 | E8: =VLOOKUP(D8,'KELAS (REFERENSI)'!$E$1:$J$68,6,FALSE) -> #N/A | F8: ="PETUGAS."&A8&"/SPK/SE/PPL/3172/2026" -> PETUGAS.0007/SPK/SE/PPL/3172/2026 | H8: =VLOOKUP(G8,'MITRA (REFERENSI)'!$A:$Z,16,FALSE) -> #N/A | I8: =VLOOKUP(G8,'MITRA (REFERENSI)'!$A:$Z,25,FALSE) -> #N/A | J8: =VLOOKUP(G8,'MITRA (REFERENSI)'!$A:$Z,26,FALSE) -> #N/A | K8: =VLOOKUP(G8,'MITRA (REFERENSI)'!$A:$Z,15,FALSE) -> #N/A | L8: =VLOOKUP(G8,'MITRA (REFERENSI)'!$A:$Z,15,FALSE) -> #N/A | M8: =IF(B8=1,'KELAS (REFERENSI)'!M8,IF(B8=2,'KELAS (REFERENSI)'!M23,IF(B8=3,'KELAS (REFERENSI)'!M38,IF(B8=4,'KELAS (REFERENSI)'!M53,"")))) | N8: =IF(B8=1,'KELAS (REFERENSI)'!N8,IF(B8=2,'KELAS (REFERENSI)'!N23,IF(B8=3,'KELAS (REFERENSI)'!N38,IF(B8=4,'KELAS (REFERENSI)'!N53,"")))) | O8: =IF(B8=1,'KELAS (REFERENSI)'!O8,IF(B8=2,'KELAS (REFERENSI)'!O23,IF(B8=3,'KELAS (REFERENSI)'!O38,IF(B8=4,'KELAS (REFERENSI)'!O53,"")))) | P8: =IF(B8=1,'KELAS (REFERENSI)'!P8,IF(B8=2,'KELAS (REFERENSI)'!P23,IF(B8=3,'KELAS (REFERENSI)'!P38,IF(B8=4,'KELAS (REFERENSI)'!P53,"")))) | Q8: =Q7 -> BPS Kota Jakarta Timur | R8: =IF(B8=1,'[1]KELAS (REF) 1080'!L8,IF(B8=2,'[1]KELAS (REF) 1080'!L28,IF(B8=3,'[1]KELAS (REF) 1080'!L48,""))) | S8: =S7 -> 15 Juni sampai dengan 31 Agustus 2026 | T8: =T7 -> 31 Agustus 2026
A9: 0008 | D9: =B9&C9 | E9: =VLOOKUP(D9,'KELAS (REFERENSI)'!$E$1:$J$68,6,FALSE) -> #N/A | F9: ="PETUGAS."&A9&"/SPK/SE/PPL/3172/2026" -> PETUGAS.0008/SPK/SE/PPL/3172/2026 | H9: =VLOOKUP(G9,'MITRA (REFERENSI)'!$A:$Z,16,FALSE) -> #N/A | I9: =VLOOKUP(G9,'MITRA (REFERENSI)'!$A:$Z,25,FALSE) -> #N/A | J9: =VLOOKUP(G9,'MITRA (REFERENSI)'!$A:$Z,26,FALSE) -> #N/A | K9: =VLOOKUP(G9,'MITRA (REFERENSI)'!$A:$Z,15,FALSE) -> #N/A | L9: =VLOOKUP(G9,'MITRA (REFERENSI)'!$A:$Z,15,FALSE) -> #N/A | M9: =IF(B9=1,'KELAS (REFERENSI)'!M9,IF(B9=2,'KELAS (REFERENSI)'!M24,IF(B9=3,'KELAS (REFERENSI)'!M39,IF(B9=4,'KELAS (REFERENSI)'!M54,"")))) | N9: =IF(B9=1,'KELAS (REFERENSI)'!N9,IF(B9=2,'KELAS (REFERENSI)'!N24,IF(B9=3,'KELAS (REFERENSI)'!N39,IF(B9=4,'KELAS (REFERENSI)'!N54,"")))) | O9: =IF(B9=1,'KELAS (REFERENSI)'!O9,IF(B9=2,'KELAS (REFERENSI)'!O24,IF(B9=3,'KELAS (REFERENSI)'!O39,IF(B9=4,'KELAS (REFERENSI)'!O54,"")))) | P9: =IF(B9=1,'KELAS (REFERENSI)'!P9,IF(B9=2,'KELAS (REFERENSI)'!P24,IF(B9=3,'KELAS (REFERENSI)'!P39,IF(B9=4,'KELAS (REFERENSI)'!P54,"")))) | Q9: =Q8 -> BPS Kota Jakarta Timur | R9: =IF(B9=1,'[1]KELAS (REF) 1080'!L9,IF(B9=2,'[1]KELAS (REF) 1080'!L29,IF(B9=3,'[1]KELAS (REF) 1080'!L49,""))) | S9: =S8 -> 15 Juni sampai dengan 31 Agustus 2026 | T9: =T8 -> 31 Agustus 2026
A10: 0009 | D10: =B10&C10 | E10: =VLOOKUP(D10,'KELAS (REFERENSI)'!$E$1:$J$68,6,FALSE) -> #N/A | F10: ="PETUGAS."&A10&"/SPK/SE/PPL/3172/2026" -> PETUGAS.0009/SPK/SE/PPL/3172/2026 | H10: =VLOOKUP(G10,'MITRA (REFERENSI)'!$A:$Z,16,FALSE) -> #N/A | I10: =VLOOKUP(G10,'MITRA (REFERENSI)'!$A:$Z,25,FALSE) -> #N/A | J10: =VLOOKUP(G10,'MITRA (REFERENSI)'!$A:$Z,26,FALSE) -> #N/A | K10: =VLOOKUP(G10,'MITRA (REFERENSI)'!$A:$Z,15,FALSE) -> #N/A | L10: =VLOOKUP(G10,'MITRA (REFERENSI)'!$A:$Z,15,FALSE) -> #N/A | M10: =IF(B10=1,'KELAS (REFERENSI)'!M10,IF(B10=2,'KELAS (REFERENSI)'!M25,IF(B10=3,'KELAS (REFERENSI)'!M40,IF(B10=4,'KELAS (REFERENSI)'!M55,"")))) | N10: =IF(B10=1,'KELAS (REFERENSI)'!N10,IF(B10=2,'KELAS (REFERENSI)'!N25,IF(B10=3,'KELAS (REFERENSI)'!N40,IF(B10=4,'KELAS (REFERENSI)'!N55,"")))) | O10: =IF(B10=1,'KELAS (REFERENSI)'!O10,IF(B10=2,'KELAS (REFERENSI)'!O25,IF(B10=3,'KELAS (REFERENSI)'!O40,IF(B10=4,'KELAS (REFERENSI)'!O55,"")))) | P10: =IF(B10=1,'KELAS (REFERENSI)'!P10,IF(B10=2,'KELAS (REFERENSI)'!P25,IF(B10=3,'KELAS (REFERENSI)'!P40,IF(B10=4,'KELAS (REFERENSI)'!P55,"")))) | Q10: =Q9 -> BPS Kota Jakarta Timur | R10: =IF(B10=1,'[1]KELAS (REF) 1080'!L10,IF(B10=2,'[1]KELAS (REF) 1080'!L30,IF(B10=3,'[1]KELAS (REF) 1080'!L50,""))) | S10: =S9 -> 15 Juni sampai dengan 31 Agustus 2026 | T10: =T9 -> 31 Agustus 2026
A11: 0010 | D11: =B11&C11 | E11: =VLOOKUP(D11,'KELAS (REFERENSI)'!$E$1:$J$68,6,FALSE) -> #N/A | F11: ="PETUGAS."&A11&"/SPK/SE/PPL/3172/2026" -> PETUGAS.0010/SPK/SE/PPL/3172/2026 | H11: =VLOOKUP(G11,'MITRA (REFERENSI)'!$A:$Z,16,FALSE) -> #N/A | I11: =VLOOKUP(G11,'MITRA (REFERENSI)'!$A:$Z,25,FALSE) -> #N/A | J11: =VLOOKUP(G11,'MITRA (REFERENSI)'!$A:$Z,26,FALSE) -> #N/A | K11: =VLOOKUP(G11,'MITRA (REFERENSI)'!$A:$Z,15,FALSE) -> #N/A | L11: =VLOOKUP(G11,'MITRA (REFERENSI)'!$A:$Z,15,FALSE) -> #N/A | M11: =IF(B11=1,'KELAS (REFERENSI)'!M11,IF(B11=2,'KELAS (REFERENSI)'!M26,IF(B11=3,'KELAS (REFERENSI)'!M41,IF(B11=4,'KELAS (REFERENSI)'!M56,"")))) | N11: =IF(B11=1,'KELAS (REFERENSI)'!N11,IF(B11=2,'KELAS (REFERENSI)'!N26,IF(B11=3,'KELAS (REFERENSI)'!N41,IF(B11=4,'KELAS (REFERENSI)'!N56,"")))) | O11: =IF(B11=1,'KELAS (REFERENSI)'!O11,IF(B11=2,'KELAS (REFERENSI)'!O26,IF(B11=3,'KELAS (REFERENSI)'!O41,IF(B11=4,'KELAS (REFERENSI)'!O56,"")))) | P11: =IF(B11=1,'KELAS (REFERENSI)'!P11,IF(B11=2,'KELAS (REFERENSI)'!P26,IF(B11=3,'KELAS (REFERENSI)'!P41,IF(B11=4,'KELAS (REFERENSI)'!P56,"")))) | Q11: =Q10 -> BPS Kota Jakarta Timur | R11: =IF(B11=1,'[1]KELAS (REF) 1080'!L11,IF(B11=2,'[1]KELAS (REF) 1080'!L31,IF(B11=3,'[1]KELAS (REF) 1080'!L51,""))) | S11: =S10 -> 15 Juni sampai dengan 31 Agustus 2026 | T11: =T10 -> 31 Agustus 2026
A12: 0011 | D12: =B12&C12 | E12: =VLOOKUP(D12,'KELAS (REFERENSI)'!$E$1:$J$68,6,FALSE) -> #N/A | F12: ="PETUGAS."&A12&"/SPK/SE/PPL/3172/2026" -> PETUGAS.0011/SPK/SE/PPL/3172/2026 | H12: =VLOOKUP(G12,'MITRA (REFERENSI)'!$A:$Z,16,FALSE) -> #N/A | I12: =VLOOKUP(G12,'MITRA (REFERENSI)'!$A:$Z,25,FALSE) -> #N/A | J12: =VLOOKUP(G12,'MITRA (REFERENSI)'!$A:$Z,26,FALSE) -> #N/A | K12: =VLOOKUP(G12,'MITRA (REFERENSI)'!$A:$Z,15,FALSE) -> #N/A | L12: =VLOOKUP(G12,'MITRA (REFERENSI)'!$A:$Z,15,FALSE) -> #N/A | M12: =IF(B12=1,'KELAS (REFERENSI)'!M12,IF(B12=2,'KELAS (REFERENSI)'!M27,IF(B12=3,'KELAS (REFERENSI)'!M42,IF(B12=4,'KELAS (REFERENSI)'!M57,"")))) | N12: =IF(B12=1,'KELAS (REFERENSI)'!N12,IF(B12=2,'KELAS (REFERENSI)'!N27,IF(B12=3,'KELAS (REFERENSI)'!N42,IF(B12=4,'KELAS (REFERENSI)'!N57,"")))) | O12: =IF(B12=1,'KELAS (REFERENSI)'!O12,IF(B12=2,'KELAS (REFERENSI)'!O27,IF(B12=3,'KELAS (REFERENSI)'!O42,IF(B12=4,'KELAS (REFERENSI)'!O57,"")))) | P12: =IF(B12=1,'KELAS (REFERENSI)'!P12,IF(B12=2,'KELAS (REFERENSI)'!P27,IF(B12=3,'KELAS (REFERENSI)'!P42,IF(B12=4,'KELAS (REFERENSI)'!P57,"")))) | Q12: =Q11 -> BPS Kota Jakarta Timur | R12: =IF(B12=1,'[1]KELAS (REF) 1080'!L12,IF(B12=2,'[1]KELAS (REF) 1080'!L32,IF(B12=3,'[1]KELAS (REF) 1080'!L52,""))) | S12: =S11 -> 15 Juni sampai dengan 31 Agustus 2026 | T12: =T11 -> 31 Agustus 2026
A13: 0012 | D13: =B13&C13 | E13: =VLOOKUP(D13,'KELAS (REFERENSI)'!$E$1:$J$68,6,FALSE) -> #N/A | F13: ="PETUGAS."&A13&"/SPK/SE/PPL/3172/2026" -> PETUGAS.0012/SPK/SE/PPL/3172/2026 | H13: =VLOOKUP(G13,'MITRA (REFERENSI)'!$A:$Z,16,FALSE) -> #N/A | I13: =VLOOKUP(G13,'MITRA (REFERENSI)'!$A:$Z,25,FALSE) -> #N/A | J13: =VLOOKUP(G13,'MITRA (REFERENSI)'!$A:$Z,26,FALSE) -> #N/A | K13: =VLOOKUP(G13,'MITRA (REFERENSI)'!$A:$Z,15,FALSE) -> #N/A | L13: =VLOOKUP(G13,'MITRA (REFERENSI)'!$A:$Z,15,FALSE) -> #N/A | M13: =IF(B13=1,'KELAS (REFERENSI)'!M13,IF(B13=2,'KELAS (REFERENSI)'!M28,IF(B13=3,'KELAS (REFERENSI)'!M43,IF(B13=4,'KELAS (REFERENSI)'!M58,"")))) | N13: =IF(B13=1,'KELAS (REFERENSI)'!N13,IF(B13=2,'KELAS (REFERENSI)'!N28,IF(B13=3,'KELAS (REFERENSI)'!N43,IF(B13=4,'KELAS (REFERENSI)'!N58,"")))) | O13: =IF(B13=1,'KELAS (REFERENSI)'!O13,IF(B13=2,'KELAS (REFERENSI)'!O28,IF(B13=3,'KELAS (REFERENSI)'!O43,IF(B13=4,'KELAS (REFERENSI)'!O58,"")))) | P13: =IF(B13=1,'KELAS (REFERENSI)'!P13,IF(B13=2,'KELAS (REFERENSI)'!P28,IF(B13=3,'KELAS (REFERENSI)'!P43,IF(B13=4,'KELAS (REFERENSI)'!P58,"")))) | Q13: =Q12 -> BPS Kota Jakarta Timur | R13: =IF(B13=1,'[1]KELAS (REF) 1080'!L13,IF(B13=2,'[1]KELAS (REF) 1080'!L33,IF(B13=3,'[1]KELAS (REF) 1080'!L53,""))) | S13: =S12 -> 15 Juni sampai dengan 31 Agustus 2026 | T13: =T12 -> 31 Agustus 2026
A14: 0013 | D14: =B14&C14 | E14: =VLOOKUP(D14,'KELAS (REFERENSI)'!$E$1:$J$68,6,FALSE) -> #N/A | F14: ="PETUGAS."&A14&"/SPK/SE/PPL/3172/2026" -> PETUGAS.0013/SPK/SE/PPL/3172/2026 | H14: =VLOOKUP(G14,'MITRA (REFERENSI)'!$A:$Z,16,FALSE) -> #N/A | I14: =VLOOKUP(G14,'MITRA (REFERENSI)'!$A:$Z,25,FALSE) -> #N/A | J14: =VLOOKUP(G14,'MITRA (REFERENSI)'!$A:$Z,26,FALSE) -> #N/A | K14: =VLOOKUP(G14,'MITRA (REFERENSI)'!$A:$Z,15,FALSE) -> #N/A | L14: =VLOOKUP(G14,'MITRA (REFERENSI)'!$A:$Z,15,FALSE) -> #N/A | M14: =IF(B14=1,'KELAS (REFERENSI)'!M14,IF(B14=2,'KELAS (REFERENSI)'!M29,IF(B14=3,'KELAS (REFERENSI)'!M44,IF(B14=4,'KELAS (REFERENSI)'!M59,"")))) | N14: =IF(B14=1,'KELAS (REFERENSI)'!N14,IF(B14=2,'KELAS (REFERENSI)'!N29,IF(B14=3,'KELAS (REFERENSI)'!N44,IF(B14=4,'KELAS (REFERENSI)'!N59,"")))) | O14: =IF(B14=1,'KELAS (REFERENSI)'!O14,IF(B14=2,'KELAS (REFERENSI)'!O29,IF(B14=3,'KELAS (REFERENSI)'!O44,IF(B14=4,'KELAS (REFERENSI)'!O59,"")))) | P14: =IF(B14=1,'KELAS (REFERENSI)'!P14,IF(B14=2,'KELAS (REFERENSI)'!P29,IF(B14=3,'KELAS (REFERENSI)'!P44,IF(B14=4,'KELAS (REFERENSI)'!P59,"")))) | Q14: =Q13 -> BPS Kota Jakarta Timur | R14: =IF(B14=1,'[1]KELAS (REF) 1080'!L14,IF(B14=2,'[1]KELAS (REF) 1080'!L34,IF(B14=3,'[1]KELAS (REF) 1080'!L54,""))) | S14: =S13 -> 15 Juni sampai dengan 31 Agustus 2026 | T14: =T13 -> 31 Agustus 2026
A15: 0014 | D15: =B15&C15 | E15: =VLOOKUP(D15,'KELAS (REFERENSI)'!$E$1:$J$68,6,FALSE) -> #N/A | F15: ="PETUGAS."&A15&"/SPK/SE/PPL/3172/2026" -> PETUGAS.0014/SPK/SE/PPL/3172/2026 | H15: =VLOOKUP(G15,'MITRA (REFERENSI)'!$A:$Z,16,FALSE) -> #N/A | I15: =VLOOKUP(G15,'MITRA (REFERENSI)'!$A:$Z,25,FALSE) -> #N/A | J15: =VLOOKUP(G15,'MITRA (REFERENSI)'!$A:$Z,26,FALSE) -> #N/A | K15: =VLOOKUP(G15,'MITRA (REFERENSI)'!$A:$Z,15,FALSE) -> #N/A | L15: =VLOOKUP(G15,'MITRA (REFERENSI)'!$A:$Z,15,FALSE) -> #N/A | M15: =IF(B15=1,'KELAS (REFERENSI)'!M15,IF(B15=2,'KELAS (REFERENSI)'!M30,IF(B15=3,'KELAS (REFERENSI)'!M45,IF(B15=4,'KELAS (REFERENSI)'!M60,"")))) | N15: =IF(B15=1,'KELAS (REFERENSI)'!N15,IF(B15=2,'KELAS (REFERENSI)'!N30,IF(B15=3,'KELAS (REFERENSI)'!N45,IF(B15=4,'KELAS (REFERENSI)'!N60,"")))) | O15: =IF(B15=1,'KELAS (REFERENSI)'!O15,IF(B15=2,'KELAS (REFERENSI)'!O30,IF(B15=3,'KELAS (REFERENSI)'!O45,IF(B15=4,'KELAS (REFERENSI)'!O60,"")))) | P15: =IF(B15=1,'KELAS (REFERENSI)'!P15,IF(B15=2,'KELAS (REFERENSI)'!P30,IF(B15=3,'KELAS (REFERENSI)'!P45,IF(B15=4,'KELAS (REFERENSI)'!P60,"")))) | Q15: =Q14 -> BPS Kota Jakarta Timur | R15: =IF(B15=1,'[1]KELAS (REF) 1080'!#REF!,IF(B15=2,'[1]KELAS (REF) 1080'!L35,IF(B15=3,'[1]KELAS (REF) 1080'!L55,""))) -> #ERROR! | S15: =S14 -> 15 Juni sampai dengan 31 Agustus 2026 | T15: =T14 -> 31 Agustus 2026
A16: 0015 | D16: =B16&C16 | E16: =VLOOKUP(D16,'KELAS (REFERENSI)'!$E$1:$J$68,6,FALSE) -> #N/A | F16: ="PETUGAS."&A16&"/SPK/SE/PPL/3172/2026" -> PETUGAS.0015/SPK/SE/PPL/3172/2026 | H16: =VLOOKUP(G16,'MITRA (REFERENSI)'!$A:$Z,16,FALSE) -> #N/A | I16: =VLOOKUP(G16,'MITRA (REFERENSI)'!$A:$Z,25,FALSE) -> #N/A | J16: =VLOOKUP(G16,'MITRA (REFERENSI)'!$A:$Z,26,FALSE) -> #N/A | K16: =VLOOKUP(G16,'MITRA (REFERENSI)'!$A:$Z,15,FALSE) -> #N/A | L16: =VLOOKUP(G16,'MITRA (REFERENSI)'!$A:$Z,15,FALSE) -> #N/A | M16: =IF(B16=1,'KELAS (REFERENSI)'!M16,IF(B16=2,'KELAS (REFERENSI)'!M31,IF(B16=3,'KELAS (REFERENSI)'!M46,IF(B16=4,'KELAS (REFERENSI)'!M61,"")))) | N16: =IF(B16=1,'KELAS (REFERENSI)'!N16,IF(B16=2,'KELAS (REFERENSI)'!N31,IF(B16=3,'KELAS (REFERENSI)'!N46,IF(B16=4,'KELAS (REFERENSI)'!N61,"")))) | O16: =IF(B16=1,'KELAS (REFERENSI)'!O16,IF(B16=2,'KELAS (REFERENSI)'!O31,IF(B16=3,'KELAS (REFERENSI)'!O46,IF(B16=4,'KELAS (REFERENSI)'!O61,"")))) | P16: =IF(B16=1,'KELAS (REFERENSI)'!P16,IF(B16=2,'KELAS (REFERENSI)'!P31,IF(B16=3,'KELAS (REFERENSI)'!P46,IF(B16=4,'KELAS (REFERENSI)'!P61,"")))) | Q16: =Q15 -> BPS Kota Jakarta Timur | R16: =IF(B16=1,'[1]KELAS (REF) 1080'!L16,IF(B16=2,'[1]KELAS (REF) 1080'!L36,IF(B16=3,'[1]KELAS (REF) 1080'!L56,""))) | S16: =S15 -> 15 Juni sampai dengan 31 Agustus 2026 | T16: =T15 -> 31 Agustus 2026
A17: 0016 | D17: =B17&C17 | E17: =VLOOKUP(D17,'KELAS (REFERENSI)'!$E$1:$J$68,6,FALSE) -> #N/A | F17: ="PETUGAS."&A17&"/SPK/SE/PPL/3172/2026" -> PETUGAS.0016/SPK/SE/PPL/3172/2026 | H17: =VLOOKUP(G17,'MITRA (REFERENSI)'!$A:$Z,16,FALSE) -> #N/A | I17: =VLOOKUP(G17,'MITRA (REFERENSI)'!$A:$Z,25,FALSE) -> #N/A | J17: =VLOOKUP(G17,'MITRA (REFERENSI)'!$A:$Z,26,FALSE) -> #N/A | K17: =VLOOKUP(G17,'MITRA (REFERENSI)'!$A:$Z,15,FALSE) -> #N/A | L17: =VLOOKUP(G17,'MITRA (REFERENSI)'!$A:$Z,15,FALSE) -> #N/A | M17: =IF(B17=1,'KELAS (REFERENSI)'!M17,IF(B17=2,'KELAS (REFERENSI)'!M32,IF(B17=3,'KELAS (REFERENSI)'!M47,IF(B17=4,'KELAS (REFERENSI)'!M62,"")))) | N17: =IF(B17=1,'KELAS (REFERENSI)'!N17,IF(B17=2,'KELAS (REFERENSI)'!N32,IF(B17=3,'KELAS (REFERENSI)'!N47,IF(B17=4,'KELAS (REFERENSI)'!N62,"")))) | O17: =IF(B17=1,'KELAS (REFERENSI)'!O17,IF(B17=2,'KELAS (REFERENSI)'!O32,IF(B17=3,'KELAS (REFERENSI)'!O47,IF(B17=4,'KELAS (REFERENSI)'!O62,"")))) | P17: =IF(B17=1,'KELAS (REFERENSI)'!P17,IF(B17=2,'KELAS (REFERENSI)'!P32,IF(B17=3,'KELAS (REFERENSI)'!P47,IF(B17=4,'KELAS (REFERENSI)'!P62,"")))) | Q17: =Q16 -> BPS Kota Jakarta Timur | R17: =IF(B17=1,'[1]KELAS (REF) 1080'!L17,IF(B17=2,'[1]KELAS (REF) 1080'!L37,IF(B17=3,'[1]KELAS (REF) 1080'!L57,""))) | S17: =S16 -> 15 Juni sampai dengan 31 Agustus 2026 | T17: =T16 -> 31 Agustus 2026
A18: 0017 | D18: =B18&C18 | E18: =VLOOKUP(D18,'KELAS (REFERENSI)'!$E$1:$J$68,6,FALSE) -> #N/A | F18: ="PETUGAS."&A18&"/SPK/SE/PPL/3172/2026" -> PETUGAS.0017/SPK/SE/PPL/3172/2026 | H18: =VLOOKUP(G18,'MITRA (REFERENSI)'!$A:$Z,16,FALSE) -> #N/A | I18: =VLOOKUP(G18,'MITRA (REFERENSI)'!$A:$Z,25,FALSE) -> #N/A | J18: =VLOOKUP(G18,'MITRA (REFERENSI)'!$A:$Z,26,FALSE) -> #N/A | K18: =VLOOKUP(G18,'MITRA (REFERENSI)'!$A:$Z,15,FALSE) -> #N/A | L18: =VLOOKUP(G18,'MITRA (REFERENSI)'!$A:$Z,15,FALSE) -> #N/A | M18: =IF(B18=1,'KELAS (REFERENSI)'!M18,IF(B18=2,'KELAS (REFERENSI)'!M33,IF(B18=3,'KELAS (REFERENSI)'!M48,IF(B18=4,'KELAS (REFERENSI)'!M63,"")))) | N18: =IF(B18=1,'KELAS (REFERENSI)'!N18,IF(B18=2,'KELAS (REFERENSI)'!N33,IF(B18=3,'KELAS (REFERENSI)'!N48,IF(B18=4,'KELAS (REFERENSI)'!N63,"")))) | O18: =IF(B18=1,'KELAS (REFERENSI)'!O18,IF(B18=2,'KELAS (REFERENSI)'!O33,IF(B18=3,'KELAS (REFERENSI)'!O48,IF(B18=4,'KELAS (REFERENSI)'!O63,"")))) | P18: =IF(B18=1,'KELAS (REFERENSI)'!P18,IF(B18=2,'KELAS (REFERENSI)'!P33,IF(B18=3,'KELAS (REFERENSI)'!P48,IF(B18=4,'KELAS (REFERENSI)'!P63,"")))) | Q18: =Q17 -> BPS Kota Jakarta Timur | R18: =IF(B18=1,'[1]KELAS (REF) 1080'!L18,IF(B18=2,'[1]KELAS (REF) 1080'!L38,IF(B18=3,'[1]KELAS (REF) 1080'!L58,""))) | S18: =S17 -> 15 Juni sampai dengan 31 Agustus 2026 | T18: =T17 -> 31 Agustus 2026
A19: 0018 | D19: =B19&C19 | E19: =VLOOKUP(D19,'KELAS (REFERENSI)'!$E$1:$J$68,6,FALSE) -> #N/A | F19: ="PETUGAS."&A19&"/SPK/SE/PPL/3172/2026" -> PETUGAS.0018/SPK/SE/PPL/3172/2026 | H19: =VLOOKUP(G19,'MITRA (REFERENSI)'!$A:$Z,16,FALSE) -> #N/A | I19: =VLOOKUP(G19,'MITRA (REFERENSI)'!$A:$Z,25,FALSE) -> #N/A | J19: =VLOOKUP(G19,'MITRA (REFERENSI)'!$A:$Z,26,FALSE) -> #N/A | K19: =VLOOKUP(G19,'MITRA (REFERENSI)'!$A:$Z,15,FALSE) -> #N/A | L19: =VLOOKUP(G19,'MITRA (REFERENSI)'!$A:$Z,15,FALSE) -> #N/A | M19: =IF(B19=1,'KELAS (REFERENSI)'!M19,IF(B19=2,'KELAS (REFERENSI)'!M34,IF(B19=3,'KELAS (REFERENSI)'!M49,IF(B19=4,'KELAS (REFERENSI)'!M64,"")))) | N19: =IF(B19=1,'KELAS (REFERENSI)'!N19,IF(B19=2,'KELAS (REFERENSI)'!N34,IF(B19=3,'KELAS (REFERENSI)'!N49,IF(B19=4,'KELAS (REFERENSI)'!N64,"")))) | O19: =IF(B19=1,'KELAS (REFERENSI)'!O19,IF(B19=2,'KELAS (REFERENSI)'!O34,IF(B19=3,'KELAS (REFERENSI)'!O49,IF(B19=4,'KELAS (REFERENSI)'!O64,"")))) | P19: =IF(B19=1,'KELAS (REFERENSI)'!P19,IF(B19=2,'KELAS (REFERENSI)'!P34,IF(B19=3,'KELAS (REFERENSI)'!P49,IF(B19=4,'KELAS (REFERENSI)'!P64,"")))) | Q19: =Q18 -> BPS Kota Jakarta Timur | R19: =IF(B19=1,'[1]KELAS (REF) 1080'!L19,IF(B19=2,'[1]KELAS (REF) 1080'!L39,IF(B19=3,'[1]KELAS (REF) 1080'!L59,""))) | S19: =S18 -> 15 Juni sampai dengan 31 Agustus 2026 | T19: =T18 -> 31 Agustus 2026
A20: 0019 | D20: =B20&C20 | E20: =VLOOKUP(D20,'KELAS (REFERENSI)'!$E$1:$J$68,6,FALSE) -> #N/A | F20: ="PETUGAS."&A20&"/SPK/SE/PPL/3172/2026" -> PETUGAS.0019/SPK/SE/PPL/3172/2026 | H20: =VLOOKUP(G20,'MITRA (REFERENSI)'!$A:$Z,16,FALSE) -> #N/A | I20: =VLOOKUP(G20,'MITRA (REFERENSI)'!$A:$Z,25,FALSE) -> #N/A | J20: =VLOOKUP(G20,'MITRA (REFERENSI)'!$A:$Z,26,FALSE) -> #N/A | K20: =VLOOKUP(G20,'MITRA (REFERENSI)'!$A:$Z,15,FALSE) -> #N/A | L20: =VLOOKUP(G20,'MITRA (REFERENSI)'!$A:$Z,15,FALSE) -> #N/A | M20: =IF(B20=1,'KELAS (REFERENSI)'!M20,IF(B20=2,'KELAS (REFERENSI)'!M35,IF(B20=3,'KELAS (REFERENSI)'!M50,IF(B20=4,'KELAS (REFERENSI)'!M65,"")))) | N20: =IF(B20=1,'KELAS (REFERENSI)'!N20,IF(B20=2,'KELAS (REFERENSI)'!N35,IF(B20=3,'KELAS (REFERENSI)'!N50,IF(B20=4,'KELAS (REFERENSI)'!N65,"")))) | O20: =IF(B20=1,'KELAS (REFERENSI)'!O20,IF(B20=2,'KELAS (REFERENSI)'!O35,IF(B20=3,'KELAS (REFERENSI)'!O50,IF(B20=4,'KELAS (REFERENSI)'!O65,"")))) | P20: =IF(B20=1,'KELAS (REFERENSI)'!P20,IF(B20=2,'KELAS (REFERENSI)'!P35,IF(B20=3,'KELAS (REFERENSI)'!P50,IF(B20=4,'KELAS (REFERENSI)'!P65,"")))) | Q20: =Q19 -> BPS Kota Jakarta Timur | R20: =IF(B20=1,'[1]KELAS (REF) 1080'!L20,IF(B20=2,'[1]KELAS (REF) 1080'!L40,IF(B20=3,'[1]KELAS (REF) 1080'!L60,""))) | S20: =S19 -> 15 Juni sampai dengan 31 Agustus 2026 | T20: =T19 -> 31 Agustus 2026
A21: 0020 | D21: =B21&C21 | E21: =VLOOKUP(D21,'KELAS (REFERENSI)'!$E$1:$J$68,6,FALSE) -> #N/A | F21: ="PETUGAS."&A21&"/SPK/SE/PPL/3172/2026" -> PETUGAS.0020/SPK/SE/PPL/3172/2026 | H21: =VLOOKUP(G21,'MITRA (REFERENSI)'!$A:$Z,16,FALSE) -> #N/A | I21: =VLOOKUP(G21,'MITRA (REFERENSI)'!$A:$Z,25,FALSE) -> #N/A | J21: =VLOOKUP(G21,'MITRA (REFERENSI)'!$A:$Z,26,FALSE) -> #N/A | K21: =VLOOKUP(G21,'MITRA (REFERENSI)'!$A:$Z,15,FALSE) -> #N/A | L21: =VLOOKUP(G21,'MITRA (REFERENSI)'!$A:$Z,15,FALSE) -> #N/A | M21: =IF(B21=1,'KELAS (REFERENSI)'!M21,IF(B21=2,'KELAS (REFERENSI)'!M36,IF(B21=3,'KELAS (REFERENSI)'!M51,IF(B21=4,'KELAS (REFERENSI)'!M66,"")))) | N21: =IF(B21=1,'KELAS (REFERENSI)'!N21,IF(B21=2,'KELAS (REFERENSI)'!N36,IF(B21=3,'KELAS (REFERENSI)'!N51,IF(B21=4,'KELAS (REFERENSI)'!N66,"")))) | O21: =IF(B21=1,'KELAS (REFERENSI)'!O21,IF(B21=2,'KELAS (REFERENSI)'!O36,IF(B21=3,'KELAS (REFERENSI)'!O51,IF(B21=4,'KELAS (REFERENSI)'!O66,"")))) | P21: =IF(B21=1,'KELAS (REFERENSI)'!P21,IF(B21=2,'KELAS (REFERENSI)'!P36,IF(B21=3,'KELAS (REFERENSI)'!P51,IF(B21=4,'KELAS (REFERENSI)'!P66,"")))) | Q21: =Q20 -> BPS Kota Jakarta Timur | R21: =IF(B21=1,'[1]KELAS (REF) 1080'!L21,IF(B21=2,'[1]KELAS (REF) 1080'!L41,IF(B21=3,'[1]KELAS (REF) 1080'!L61,""))) | S21: =S20 -> 15 Juni sampai dengan 31 Agustus 2026 | T21: =T20 -> 31 Agustus 2026
A22: 0021 | D22: =B22&C22 | E22: =VLOOKUP(D22,'KELAS (REFERENSI)'!$E$1:$J$68,6,FALSE) -> #N/A | F22: ="PETUGAS."&A22&"/SPK/SE/PPL/3172/2026" -> PETUGAS.0021/SPK/SE/PPL/3172/2026 | H22: =VLOOKUP(G22,'MITRA (REFERENSI)'!$A:$Z,16,FALSE) -> #N/A | I22: =VLOOKUP(G22,'MITRA (REFERENSI)'!$A:$Z,25,FALSE) -> #N/A | J22: =VLOOKUP(G22,'MITRA (REFERENSI)'!$A:$Z,26,FALSE) -> #N/A | K22: =VLOOKUP(G22,'MITRA (REFERENSI)'!$A:$Z,15,FALSE) -> #N/A | L22: =VLOOKUP(G22,'MITRA (REFERENSI)'!$A:$Z,15,FALSE) -> #N/A | M22: =IF(B22=1,'KELAS (REFERENSI)'!M22,IF(B22=2,'KELAS (REFERENSI)'!M37,IF(B22=3,'KELAS (REFERENSI)'!M52,IF(B22=4,'KELAS (REFERENSI)'!M67,"")))) | N22: =IF(B22=1,'KELAS (REFERENSI)'!N22,IF(B22=2,'KELAS (REFERENSI)'!N37,IF(B22=3,'KELAS (REFERENSI)'!N52,IF(B22=4,'KELAS (REFERENSI)'!N67,"")))) | O22: =IF(B22=1,'KELAS (REFERENSI)'!O22,IF(B22=2,'KELAS (REFERENSI)'!O37,IF(B22=3,'KELAS (REFERENSI)'!O52,IF(B22=4,'KELAS (REFERENSI)'!O67,"")))) | P22: =IF(B22=1,'KELAS (REFERENSI)'!P22,IF(B22=2,'KELAS (REFERENSI)'!P37,IF(B22=3,'KELAS (REFERENSI)'!P52,IF(B22=4,'KELAS (REFERENSI)'!P67,"")))) | Q22: =Q21 -> BPS Kota Jakarta Timur | R22: =IF(B22=1,'[1]KELAS (REF) 1080'!L15,IF(B22=2,'[1]KELAS (REF) 1080'!L45,IF(B22=3,'[1]KELAS (REF) 1080'!L62,""))) | S22: =S21 -> 15 Juni sampai dengan 31 Agustus 2026 | T22: =T21 -> 31 Agustus 2026
A23: 0022 | D23: =B23&C23 | E23: =VLOOKUP(D23,'KELAS (REFERENSI)'!$E$1:$J$68,6,FALSE) -> #N/A | F23: ="PETUGAS."&A23&"/SPK/SE/PPL/3172/2026" -> PETUGAS.0022/SPK/SE/PPL/3172/2026 | H23: =VLOOKUP(G23,'MITRA (REFERENSI)'!$A:$Z,16,FALSE) -> #N/A | I23: =VLOOKUP(G23,'MITRA (REFERENSI)'!$A:$Z,25,FALSE) -> #N/A | J23: =VLOOKUP(G23,'MITRA (REFERENSI)'!$A:$Z,26,FALSE) -> #N/A | K23: =VLOOKUP(G23,'MITRA (REFERENSI)'!$A:$Z,15,FALSE) -> #N/A | L23: =VLOOKUP(G23,'MITRA (REFERENSI)'!$A:$Z,15,FALSE) -> #N/A | M23: =IF(B23=1,'KELAS (REFERENSI)'!M23,IF(B23=2,'KELAS (REFERENSI)'!M38,IF(B23=3,'KELAS (REFERENSI)'!M53,IF(B23=4,'KELAS (REFERENSI)'!M68,"")))) | N23: =IF(B23=1,'KELAS (REFERENSI)'!N23,IF(B23=2,'KELAS (REFERENSI)'!N38,IF(B23=3,'KELAS (REFERENSI)'!N53,IF(B23=4,'KELAS (REFERENSI)'!N68,"")))) | O23: =IF(B23=1,'KELAS (REFERENSI)'!O23,IF(B23=2,'KELAS (REFERENSI)'!O38,IF(B23=3,'KELAS (REFERENSI)'!O53,IF(B23=4,'KELAS (REFERENSI)'!O68,"")))) | P23: =IF(B23=1,'KELAS (REFERENSI)'!P23,IF(B23=2,'KELAS (REFERENSI)'!P38,IF(B23=3,'KELAS (REFERENSI)'!P53,IF(B23=4,'KELAS (REFERENSI)'!P68,"")))) | Q23: =Q22 -> BPS Kota Jakarta Timur | R23: =IF(B23=1,'[1]KELAS (REF) 1080'!L23,IF(B23=2,'[1]KELAS (REF) 1080'!L46,IF(B23=3,'[1]KELAS (REF) 1080'!L63,""))) | S23: =S22 -> 15 Juni sampai dengan 31 Agustus 2026 | T23: =T22 -> 31 Agustus 2026
A24: 0023 | D24: =B24&C24 | E24: =VLOOKUP(D24,'KELAS (REFERENSI)'!$E$1:$J$68,6,FALSE) -> #N/A | F24: ="PETUGAS."&A24&"/SPK/SE/PPL/3172/2026" -> PETUGAS.0023/SPK/SE/PPL/3172/2026 | H24: =VLOOKUP(G24,'MITRA (REFERENSI)'!$A:$Z,16,FALSE) -> #N/A | I24: =VLOOKUP(G24,'MITRA (REFERENSI)'!$A:$Z,25,FALSE) -> #N/A | J24: =VLOOKUP(G24,'MITRA (REFERENSI)'!$A:$Z,26,FALSE) -> #N/A | K24: =VLOOKUP(G24,'MITRA (REFERENSI)'!$A:$Z,15,FALSE) -> #N/A | L24: =VLOOKUP(G24,'MITRA (REFERENSI)'!$A:$Z,15,FALSE) -> #N/A | M24: =IF(B24=1,'KELAS (REFERENSI)'!M24,IF(B24=2,'KELAS (REFERENSI)'!M39,IF(B24=3,'KELAS (REFERENSI)'!M54,IF(B24=4,'KELAS (REFERENSI)'!M69,"")))) | N24: =IF(B24=1,'KELAS (REFERENSI)'!N24,IF(B24=2,'KELAS (REFERENSI)'!N39,IF(B24=3,'KELAS (REFERENSI)'!N54,IF(B24=4,'KELAS (REFERENSI)'!N69,"")))) | O24: =IF(B24=1,'KELAS (REFERENSI)'!O24,IF(B24=2,'KELAS (REFERENSI)'!O39,IF(B24=3,'KELAS (REFERENSI)'!O54,IF(B24=4,'KELAS (REFERENSI)'!O69,"")))) | P24: =IF(B24=1,'KELAS (REFERENSI)'!P24,IF(B24=2,'KELAS (REFERENSI)'!P39,IF(B24=3,'KELAS (REFERENSI)'!P54,IF(B24=4,'KELAS (REFERENSI)'!P69,"")))) | Q24: =Q23 -> BPS Kota Jakarta Timur | R24: =IF(B24=1,'[1]KELAS (REF) 1080'!L24,IF(B24=2,'[1]KELAS (REF) 1080'!L47,IF(B24=3,'[1]KELAS (REF) 1080'!L64,""))) | S24: =S23 -> 15 Juni sampai dengan 31 Agustus 2026 | T24: =T23 -> 31 Agustus 2026
A25: 0024 | D25: =B25&C25 | E25: =VLOOKUP(D25,'KELAS (REFERENSI)'!$E$1:$J$68,6,FALSE) -> #N/A | F25: ="PETUGAS."&A25&"/SPK/SE/PPL/3172/2026" -> PETUGAS.0024/SPK/SE/PPL/3172/2026 | H25: =VLOOKUP(G25,'MITRA (REFERENSI)'!$A:$Z,16,FALSE) -> #N/A | I25: =VLOOKUP(G25,'MITRA (REFERENSI)'!$A:$Z,25,FALSE) -> #N/A | J25: =VLOOKUP(G25,'MITRA (REFERENSI)'!$A:$Z,26,FALSE) -> #N/A | K25: =VLOOKUP(G25,'MITRA (REFERENSI)'!$A:$Z,15,FALSE) -> #N/A | L25: =VLOOKUP(G25,'MITRA (REFERENSI)'!$A:$Z,15,FALSE) -> #N/A | M25: =IF(B25=1,'KELAS (REFERENSI)'!M25,IF(B25=2,'KELAS (REFERENSI)'!M40,IF(B25=3,'KELAS (REFERENSI)'!M55,IF(B25=4,'KELAS (REFERENSI)'!M70,"")))) | N25: =IF(B25=1,'KELAS (REFERENSI)'!N25,IF(B25=2,'KELAS (REFERENSI)'!N40,IF(B25=3,'KELAS (REFERENSI)'!N55,IF(B25=4,'KELAS (REFERENSI)'!N70,"")))) | O25: =IF(B25=1,'KELAS (REFERENSI)'!O25,IF(B25=2,'KELAS (REFERENSI)'!O40,IF(B25=3,'KELAS (REFERENSI)'!O55,IF(B25=4,'KELAS (REFERENSI)'!O70,"")))) | P25: =IF(B25=1,'KELAS (REFERENSI)'!P25,IF(B25=2,'KELAS (REFERENSI)'!P40,IF(B25=3,'KELAS (REFERENSI)'!P55,IF(B25=4,'KELAS (REFERENSI)'!P70,"")))) | Q25: =Q24 -> BPS Kota Jakarta Timur | R25: =IF(B25=1,'[1]KELAS (REF) 1080'!L25,IF(B25=2,'[1]KELAS (REF) 1080'!#REF!,IF(B25=3,'[1]KELAS (REF) 1080'!L65,""))) -> #ERROR! | S25: =S24 -> 15 Juni sampai dengan 31 Agustus 2026 | T25: =T24 -> 31 Agustus 2026
A26: 0025 | D26: =B26&C26 | E26: =VLOOKUP(D26,'KELAS (REFERENSI)'!$E$1:$J$68,6,FALSE) -> #N/A | F26: ="PETUGAS."&A26&"/SPK/SE/PPL/3172/2026" -> PETUGAS.0025/SPK/SE/PPL/3172/2026 | H26: =VLOOKUP(G26,'MITRA (REFERENSI)'!$A:$Z,16,FALSE) -> #N/A | I26: =VLOOKUP(G26,'MITRA (REFERENSI)'!$A:$Z,25,FALSE) -> #N/A | J26: =VLOOKUP(G26,'MITRA (REFERENSI)'!$A:$Z,26,FALSE) -> #N/A | K26: =VLOOKUP(G26,'MITRA (REFERENSI)'!$A:$Z,15,FALSE) -> #N/A | L26: =VLOOKUP(G26,'MITRA (REFERENSI)'!$A:$Z,15,FALSE) -> #N/A | M26: =IF(B26=1,'KELAS (REFERENSI)'!M26,IF(B26=2,'KELAS (REFERENSI)'!M41,IF(B26=3,'KELAS (REFERENSI)'!M56,IF(B26=4,'KELAS (REFERENSI)'!M71,"")))) | N26: =IF(B26=1,'KELAS (REFERENSI)'!N26,IF(B26=2,'KELAS (REFERENSI)'!N41,IF(B26=3,'KELAS (REFERENSI)'!N56,IF(B26=4,'KELAS (REFERENSI)'!N71,"")))) | O26: =IF(B26=1,'KELAS (REFERENSI)'!O26,IF(B26=2,'KELAS (REFERENSI)'!O41,IF(B26=3,'KELAS (REFERENSI)'!O56,IF(B26=4,'KELAS (REFERENSI)'!O71,"")))) | P26: =IF(B26=1,'KELAS (REFERENSI)'!P26,IF(B26=2,'KELAS (REFERENSI)'!P41,IF(B26=3,'KELAS (REFERENSI)'!P56,IF(B26=4,'KELAS (REFERENSI)'!P71,"")))) | Q26: =Q25 -> BPS Kota Jakarta Timur | R26: =IF(B26=1,'[1]KELAS (REF) 1080'!L26,IF(B26=2,'[1]KELAS (REF) 1080'!#REF!,IF(B26=3,'[1]KELAS (REF) 1080'!L66,""))) -> #ERROR! | S26: =S25 -> 15 Juni sampai dengan 31 Agustus 2026 | T26: =T25 -> 31 Agustus 2026
A27: 0026 | D27: =B27&C27 | E27: =VLOOKUP(D27,'KELAS (REFERENSI)'!$E$1:$J$68,6,FALSE) -> #N/A | F27: ="PETUGAS."&A27&"/SPK/SE/PPL/3172/2026" -> PETUGAS.0026/SPK/SE/PPL/3172/2026 | H27: =VLOOKUP(G27,'MITRA (REFERENSI)'!$A:$Z,16,FALSE) -> #N/A | I27: =VLOOKUP(G27,'MITRA (REFERENSI)'!$A:$Z,25,FALSE) -> #N/A | J27: =VLOOKUP(G27,'MITRA (REFERENSI)'!$A:$Z,26,FALSE) -> #N/A | K27: =VLOOKUP(G27,'MITRA (REFERENSI)'!$A:$Z,15,FALSE) -> #N/A | L27: =VLOOKUP(G27,'MITRA (REFERENSI)'!$A:$Z,15,FALSE) -> #N/A | M27: =IF(B27=1,'KELAS (REFERENSI)'!M27,IF(B27=2,'KELAS (REFERENSI)'!M42,IF(B27=3,'KELAS (REFERENSI)'!M57,IF(B27=4,'KELAS (REFERENSI)'!M72,"")))) | N27: =IF(B27=1,'KELAS (REFERENSI)'!N27,IF(B27=2,'KELAS (REFERENSI)'!N42,IF(B27=3,'KELAS (REFERENSI)'!N57,IF(B27=4,'KELAS (REFERENSI)'!N72,"")))) | O27: =IF(B27=1,'KELAS (REFERENSI)'!O27,IF(B27=2,'KELAS (REFERENSI)'!O42,IF(B27=3,'KELAS (REFERENSI)'!O57,IF(B27=4,'KELAS (REFERENSI)'!O72,"")))) | P27: =IF(B27=1,'KELAS (REFERENSI)'!P27,IF(B27=2,'KELAS (REFERENSI)'!P42,IF(B27=3,'KELAS (REFERENSI)'!P57,IF(B27=4,'KELAS (REFERENSI)'!P72,"")))) | Q27: =Q26 -> BPS Kota Jakarta Timur | R27: =IF(B27=1,'[1]KELAS (REF) 1080'!L27,IF(B27=2,'[1]KELAS (REF) 1080'!#REF!,IF(B27=3,'[1]KELAS (REF) 1080'!L67,""))) -> #ERROR! | S27: =S26 -> 15 Juni sampai dengan 31 Agustus 2026 | T27: =T26 -> 31 Agustus 2026
A28: 0027 | D28: =B28&C28 | E28: =VLOOKUP(D28,'KELAS (REFERENSI)'!$E$1:$J$68,6,FALSE) -> #N/A | F28: ="PETUGAS."&A28&"/SPK/SE/PPL/3172/2026" -> PETUGAS.0027/SPK/SE/PPL/3172/2026 | H28: =VLOOKUP(G28,'MITRA (REFERENSI)'!$A:$Z,16,FALSE) -> #N/A | I28: =VLOOKUP(G28,'MITRA (REFERENSI)'!$A:$Z,25,FALSE) -> #N/A | J28: =VLOOKUP(G28,'MITRA (REFERENSI)'!$A:$Z,26,FALSE) -> #N/A | K28: =VLOOKUP(G28,'MITRA (REFERENSI)'!$A:$Z,15,FALSE) -> #N/A | L28: =VLOOKUP(G28,'MITRA (REFERENSI)'!$A:$Z,15,FALSE) -> #N/A | M28: =IF(B28=1,'KELAS (REFERENSI)'!M28,IF(B28=2,'KELAS (REFERENSI)'!M43,IF(B28=3,'KELAS (REFERENSI)'!M58,IF(B28=4,'KELAS (REFERENSI)'!M73,"")))) | N28: =IF(B28=1,'KELAS (REFERENSI)'!N28,IF(B28=2,'KELAS (REFERENSI)'!N43,IF(B28=3,'KELAS (REFERENSI)'!N58,IF(B28=4,'KELAS (REFERENSI)'!N73,"")))) | O28: =IF(B28=1,'KELAS (REFERENSI)'!O28,IF(B28=2,'KELAS (REFERENSI)'!O43,IF(B28=3,'KELAS (REFERENSI)'!O58,IF(B28=4,'KELAS (REFERENSI)'!O73,"")))) | P28: =IF(B28=1,'KELAS (REFERENSI)'!P28,IF(B28=2,'KELAS (REFERENSI)'!P43,IF(B28=3,'KELAS (REFERENSI)'!P58,IF(B28=4,'KELAS (REFERENSI)'!P73,"")))) | Q28: =Q27 -> BPS Kota Jakarta Timur | R28: =IF(B28=1,'[1]KELAS (REF) 1080'!L28,IF(B28=2,'[1]KELAS (REF) 1080'!L48,IF(B28=3,'[1]KELAS (REF) 1080'!L68,""))) | S28: =S27 -> 15 Juni sampai dengan 31 Agustus 2026 | T28: =T27 -> 31 Agustus 2026
A29: 0028 | D29: =B29&C29 | E29: =VLOOKUP(D29,'KELAS (REFERENSI)'!$E$1:$J$68,6,FALSE) -> #N/A | F29: ="PETUGAS."&A29&"/SPK/SE/PPL/3172/2026" -> PETUGAS.0028/SPK/SE/PPL/3172/2026 | H29: =VLOOKUP(G29,'MITRA (REFERENSI)'!$A:$Z,16,FALSE) -> #N/A | I29: =VLOOKUP(G29,'MITRA (REFERENSI)'!$A:$Z,25,FALSE) -> #N/A | J29: =VLOOKUP(G29,'MITRA (REFERENSI)'!$A:$Z,26,FALSE) -> #N/A | K29: =VLOOKUP(G29,'MITRA (REFERENSI)'!$A:$Z,15,FALSE) -> #N/A | L29: =VLOOKUP(G29,'MITRA (REFERENSI)'!$A:$Z,15,FALSE) -> #N/A | M29: =IF(B29=1,'KELAS (REFERENSI)'!M29,IF(B29=2,'KELAS (REFERENSI)'!M44,IF(B29=3,'KELAS (REFERENSI)'!M59,IF(B29=4,'KELAS (REFERENSI)'!M74,"")))) | N29: =IF(B29=1,'KELAS (REFERENSI)'!N29,IF(B29=2,'KELAS (REFERENSI)'!N44,IF(B29=3,'KELAS (REFERENSI)'!N59,IF(B29=4,'KELAS (REFERENSI)'!N74,"")))) | O29: =IF(B29=1,'KELAS (REFERENSI)'!O29,IF(B29=2,'KELAS (REFERENSI)'!O44,IF(B29=3,'KELAS (REFERENSI)'!O59,IF(B29=4,'KELAS (REFERENSI)'!O74,"")))) | P29: =IF(B29=1,'KELAS (REFERENSI)'!P29,IF(B29=2,'KELAS (REFERENSI)'!P44,IF(B29=3,'KELAS (REFERENSI)'!P59,IF(B29=4,'KELAS (REFERENSI)'!P74,"")))) | Q29: =Q28 -> BPS Kota Jakarta Timur | R29: =IF(B29=1,'[1]KELAS (REF) 1080'!L29,IF(B29=2,'[1]KELAS (REF) 1080'!L49,IF(B29=3,'[1]KELAS (REF) 1080'!L69,""))) | S29: =S28 -> 15 Juni sampai dengan 31 Agustus 2026 | T29: =T28 -> 31 Agustus 2026
A30: 0029 | D30: =B30&C30 | E30: =VLOOKUP(D30,'KELAS (REFERENSI)'!$E$1:$J$68,6,FALSE) -> #N/A | F30: ="PETUGAS."&A30&"/SPK/SE/PPL/3172/2026" -> PETUGAS.0029/SPK/SE/PPL/3172/2026 | H30: =VLOOKUP(G30,'MITRA (REFERENSI)'!$A:$Z,16,FALSE) -> #N/A | I30: =VLOOKUP(G30,'MITRA (REFERENSI)'!$A:$Z,25,FALSE) -> #N/A | J30: =VLOOKUP(G30,'MITRA (REFERENSI)'!$A:$Z,26,FALSE) -> #N/A | K30: =VLOOKUP(G30,'MITRA (REFERENSI)'!$A:$Z,15,FALSE) -> #N/A | L30: =VLOOKUP(G30,'MITRA (REFERENSI)'!$A:$Z,15,FALSE) -> #N/A | M30: =IF(B30=1,'KELAS (REFERENSI)'!M30,IF(B30=2,'KELAS (REFERENSI)'!M45,IF(B30=3,'KELAS (REFERENSI)'!M60,IF(B30=4,'KELAS (REFERENSI)'!M75,"")))) | N30: =IF(B30=1,'KELAS (REFERENSI)'!N30,IF(B30=2,'KELAS (REFERENSI)'!N45,IF(B30=3,'KELAS (REFERENSI)'!N60,IF(B30=4,'KELAS (REFERENSI)'!N75,"")))) | O30: =IF(B30=1,'KELAS (REFERENSI)'!O30,IF(B30=2,'KELAS (REFERENSI)'!O45,IF(B30=3,'KELAS (REFERENSI)'!O60,IF(B30=4,'KELAS (REFERENSI)'!O75,"")))) | P30: =IF(B30=1,'KELAS (REFERENSI)'!P30,IF(B30=2,'KELAS (REFERENSI)'!P45,IF(B30=3,'KELAS (REFERENSI)'!P60,IF(B30=4,'KELAS (REFERENSI)'!P75,"")))) | Q30: =Q29 -> BPS Kota Jakarta Timur | R30: =IF(B30=1,'[1]KELAS (REF) 1080'!L30,IF(B30=2,'[1]KELAS (REF) 1080'!L50,IF(B30=3,'[1]KELAS (REF) 1080'!L70,""))) | S30: =S29 -> 15 Juni sampai dengan 31 Agustus 2026 | T30: =T29 -> 31 Agustus 2026
A31: 0030 | D31: =B31&C31 | E31: =VLOOKUP(D31,'KELAS (REFERENSI)'!$E$1:$J$68,6,FALSE) -> #N/A | F31: ="PETUGAS."&A31&"/SPK/SE/PPL/3172/2026" -> PETUGAS.0030/SPK/SE/PPL/3172/2026 | H31: =VLOOKUP(G31,'MITRA (REFERENSI)'!$A:$Z,16,FALSE) -> #N/A | I31: =VLOOKUP(G31,'MITRA (REFERENSI)'!$A:$Z,25,FALSE) -> #N/A | J31: =VLOOKUP(G31,'MITRA (REFERENSI)'!$A:$Z,26,FALSE) -> #N/A | K31: =VLOOKUP(G31,'MITRA (REFERENSI)'!$A:$Z,15,FALSE) -> #N/A | L31: =VLOOKUP(G31,'MITRA (REFERENSI)'!$A:$Z,15,FALSE) -> #N/A | M31: =IF(B31=1,'KELAS (REFERENSI)'!M31,IF(B31=2,'KELAS (REFERENSI)'!M46,IF(B31=3,'KELAS (REFERENSI)'!M61,IF(B31=4,'KELAS (REFERENSI)'!M76,"")))) | N31: =IF(B31=1,'KELAS (REFERENSI)'!N31,IF(B31=2,'KELAS (REFERENSI)'!N46,IF(B31=3,'KELAS (REFERENSI)'!N61,IF(B31=4,'KELAS (REFERENSI)'!N76,"")))) | O31: =IF(B31=1,'KELAS (REFERENSI)'!O31,IF(B31=2,'KELAS (REFERENSI)'!O46,IF(B31=3,'KELAS (REFERENSI)'!O61,IF(B31=4,'KELAS (REFERENSI)'!O76,"")))) | P31: =IF(B31=1,'KELAS (REFERENSI)'!P31,IF(B31=2,'KELAS (REFERENSI)'!P46,IF(B31=3,'KELAS (REFERENSI)'!P61,IF(B31=4,'KELAS (REFERENSI)'!P76,"")))) | Q31: =Q30 -> BPS Kota Jakarta Timur | R31: =IF(B31=1,'[1]KELAS (REF) 1080'!L31,IF(B31=2,'[1]KELAS (REF) 1080'!L51,IF(B31=3,'[1]KELAS (REF) 1080'!L71,""))) | S31: =S30 -> 15 Juni sampai dengan 31 Agustus 2026 | T31: =T30 -> 31 Agustus 2026
A32: 0031 | D32: =B32&C32 | E32: =VLOOKUP(D32,'KELAS (REFERENSI)'!$E$1:$J$68,6,FALSE) -> #N/A | F32: ="PETUGAS."&A32&"/SPK/SE/PPL/3172/2026" -> PETUGAS.0031/SPK/SE/PPL/3172/2026 | H32: =VLOOKUP(G32,'MITRA (REFERENSI)'!$A:$Z,16,FALSE) -> #N/A | I32: =VLOOKUP(G32,'MITRA (REFERENSI)'!$A:$Z,25,FALSE) -> #N/A | J32: =VLOOKUP(G32,'MITRA (REFERENSI)'!$A:$Z,26,FALSE) -> #N/A | K32: =VLOOKUP(G32,'MITRA (REFERENSI)'!$A:$Z,15,FALSE) -> #N/A | L32: =VLOOKUP(G32,'MITRA (REFERENSI)'!$A:$Z,15,FALSE) -> #N/A | M32: =IF(B32=1,'KELAS (REFERENSI)'!M32,IF(B32=2,'KELAS (REFERENSI)'!M47,IF(B32=3,'KELAS (REFERENSI)'!M62,IF(B32=4,'KELAS (REFERENSI)'!M77,"")))) | N32: =IF(B32=1,'KELAS (REFERENSI)'!N32,IF(B32=2,'KELAS (REFERENSI)'!N47,IF(B32=3,'KELAS (REFERENSI)'!N62,IF(B32=4,'KELAS (REFERENSI)'!N77,"")))) | O32: =IF(B32=1,'KELAS (REFERENSI)'!O32,IF(B32=2,'KELAS (REFERENSI)'!O47,IF(B32=3,'KELAS (REFERENSI)'!O62,IF(B32=4,'KELAS (REFERENSI)'!O77,"")))) | P32: =IF(B32=1,'KELAS (REFERENSI)'!P32,IF(B32=2,'KELAS (REFERENSI)'!P47,IF(B32=3,'KELAS (REFERENSI)'!P62,IF(B32=4,'KELAS (REFERENSI)'!P77,"")))) | Q32: =Q31 -> BPS Kota Jakarta Timur | R32: =IF(B32=1,'[1]KELAS (REF) 1080'!L32,IF(B32=2,'[1]KELAS (REF) 1080'!L52,IF(B32=3,'[1]KELAS (REF) 1080'!L72,""))) | S32: =S31 -> 15 Juni sampai dengan 31 Agustus 2026 | T32: =T31 -> 31 Agustus 2026
A33: 0032 | D33: =B33&C33 | E33: =VLOOKUP(D33,'KELAS (REFERENSI)'!$E$1:$J$68,6,FALSE) -> #N/A | F33: ="PETUGAS."&A33&"/SPK/SE/PPL/3172/2026" -> PETUGAS.0032/SPK/SE/PPL/3172/2026 | H33: =VLOOKUP(G33,'MITRA (REFERENSI)'!$A:$Z,16,FALSE) -> #N/A | I33: =VLOOKUP(G33,'MITRA (REFERENSI)'!$A:$Z,25,FALSE) -> #N/A | J33: =VLOOKUP(G33,'MITRA (REFERENSI)'!$A:$Z,26,FALSE) -> #N/A | K33: =VLOOKUP(G33,'MITRA (REFERENSI)'!$A:$Z,15,FALSE) -> #N/A | L33: =VLOOKUP(G33,'MITRA (REFERENSI)'!$A:$Z,15,FALSE) -> #N/A | M33: =IF(B33=1,'KELAS (REFERENSI)'!M33,IF(B33=2,'KELAS (REFERENSI)'!M48,IF(B33=3,'KELAS (REFERENSI)'!M63,IF(B33=4,'KELAS (REFERENSI)'!M78,"")))) | N33: =IF(B33=1,'KELAS (REFERENSI)'!N33,IF(B33=2,'KELAS (REFERENSI)'!N48,IF(B33=3,'KELAS (REFERENSI)'!N63,IF(B33=4,'KELAS (REFERENSI)'!N78,"")))) | O33: =IF(B33=1,'KELAS (REFERENSI)'!O33,IF(B33=2,'KELAS (REFERENSI)'!O48,IF(B33=3,'KELAS (REFERENSI)'!O63,IF(B33=4,'KELAS (REFERENSI)'!O78,"")))) | P33: =IF(B33=1,'KELAS (REFERENSI)'!P33,IF(B33=2,'KELAS (REFERENSI)'!P48,IF(B33=3,'KELAS (REFERENSI)'!P63,IF(B33=4,'KELAS (REFERENSI)'!P78,"")))) | Q33: =Q32 -> BPS Kota Jakarta Timur | R33: =IF(B33=1,'[1]KELAS (REF) 1080'!L33,IF(B33=2,'[1]KELAS (REF) 1080'!L53,IF(B33=3,'[1]KELAS (REF) 1080'!L73,""))) | S33: =S32 -> 15 Juni sampai dengan 31 Agustus 2026 | T33: =T32 -> 31 Agustus 2026
A34: 0033 | D34: =B34&C34 | E34: =VLOOKUP(D34,'KELAS (REFERENSI)'!$E$1:$J$68,6,FALSE) -> #N/A | F34: ="PETUGAS."&A34&"/SPK/SE/PPL/3172/2026" -> PETUGAS.0033/SPK/SE/PPL/3172/2026 | H34: =VLOOKUP(G34,'MITRA (REFERENSI)'!$A:$Z,16,FALSE) -> #N/A | I34: =VLOOKUP(G34,'MITRA (REFERENSI)'!$A:$Z,25,FALSE) -> #N/A | J34: =VLOOKUP(G34,'MITRA (REFERENSI)'!$A:$Z,26,FALSE) -> #N/A | K34: =VLOOKUP(G34,'MITRA (REFERENSI)'!$A:$Z,15,FALSE) -> #N/A | L34: =VLOOKUP(G34,'MITRA (REFERENSI)'!$A:$Z,15,FALSE) -> #N/A | M34: =IF(B34=1,'KELAS (REFERENSI)'!M34,IF(B34=2,'KELAS (REFERENSI)'!M49,IF(B34=3,'KELAS (REFERENSI)'!M64,IF(B34=4,'KELAS (REFERENSI)'!M79,"")))) | N34: =IF(B34=1,'KELAS (REFERENSI)'!N34,IF(B34=2,'KELAS (REFERENSI)'!N49,IF(B34=3,'KELAS (REFERENSI)'!N64,IF(B34=4,'KELAS (REFERENSI)'!N79,"")))) | O34: =IF(B34=1,'KELAS (REFERENSI)'!O34,IF(B34=2,'KELAS (REFERENSI)'!O49,IF(B34=3,'KELAS (REFERENSI)'!O64,IF(B34=4,'KELAS (REFERENSI)'!O79,"")))) | P34: =IF(B34=1,'KELAS (REFERENSI)'!P34,IF(B34=2,'KELAS (REFERENSI)'!P49,IF(B34=3,'KELAS (REFERENSI)'!P64,IF(B34=4,'KELAS (REFERENSI)'!P79,"")))) | Q34: =Q33 -> BPS Kota Jakarta Timur | R34: =IF(B34=1,'[1]KELAS (REF) 1080'!L34,IF(B34=2,'[1]KELAS (REF) 1080'!L54,IF(B34=3,'[1]KELAS (REF) 1080'!L74,""))) | S34: =S33 -> 15 Juni sampai dengan 31 Agustus 2026 | T34: =T33 -> 31 Agustus 2026
A35: 0034 | D35: =B35&C35 | E35: =VLOOKUP(D35,'KELAS (REFERENSI)'!$E$1:$J$68,6,FALSE) -> #N/A | F35: ="PETUGAS."&A35&"/SPK/SE/PPL/3172/2026" -> PETUGAS.0034/SPK/SE/PPL/3172/2026 | H35: =VLOOKUP(G35,'MITRA (REFERENSI)'!$A:$Z,16,FALSE) -> #N/A | I35: =VLOOKUP(G35,'MITRA (REFERENSI)'!$A:$Z,25,FALSE) -> #N/A | J35: =VLOOKUP(G35,'MITRA (REFERENSI)'!$A:$Z,26,FALSE) -> #N/A | K35: =VLOOKUP(G35,'MITRA (REFERENSI)'!$A:$Z,15,FALSE) -> #N/A | L35: =VLOOKUP(G35,'MITRA (REFERENSI)'!$A:$Z,15,FALSE) -> #N/A | M35: =IF(B35=1,'KELAS (REFERENSI)'!M35,IF(B35=2,'KELAS (REFERENSI)'!M50,IF(B35=3,'KELAS (REFERENSI)'!M65,IF(B35=4,'KELAS (REFERENSI)'!M80,"")))) | N35: =IF(B35=1,'KELAS (REFERENSI)'!N35,IF(B35=2,'KELAS (REFERENSI)'!N50,IF(B35=3,'KELAS (REFERENSI)'!N65,IF(B35=4,'KELAS (REFERENSI)'!N80,"")))) | O35: =IF(B35=1,'KELAS (REFERENSI)'!O35,IF(B35=2,'KELAS (REFERENSI)'!O50,IF(B35=3,'KELAS (REFERENSI)'!O65,IF(B35=4,'KELAS (REFERENSI)'!O80,"")))) | P35: =IF(B35=1,'KELAS (REFERENSI)'!P35,IF(B35=2,'KELAS (REFERENSI)'!P50,IF(B35=3,'KELAS (REFERENSI)'!P65,IF(B35=4,'KELAS (REFERENSI)'!P80,"")))) | Q35: =Q34 -> BPS Kota Jakarta Timur | R35: =IF(B35=1,'[1]KELAS (REF) 1080'!L35,IF(B35=2,'[1]KELAS (REF) 1080'!L55,IF(B35=3,'[1]KELAS (REF) 1080'!L75,""))) | S35: =S34 -> 15 Juni sampai dengan 31 Agustus 2026 | T35: =T34 -> 31 Agustus 2026
A36: 0035 | D36: =B36&C36 | E36: =VLOOKUP(D36,'KELAS (REFERENSI)'!$E$1:$J$68,6,FALSE) -> #N/A | F36: ="PETUGAS."&A36&"/SPK/SE/PPL/3172/2026" -> PETUGAS.0035/SPK/SE/PPL/3172/2026 | H36: =VLOOKUP(G36,'MITRA (REFERENSI)'!$A:$Z,16,FALSE) -> #N/A | I36: =VLOOKUP(G36,'MITRA (REFERENSI)'!$A:$Z,25,FALSE) -> #N/A | J36: =VLOOKUP(G36,'MITRA (REFERENSI)'!$A:$Z,26,FALSE) -> #N/A | K36: =VLOOKUP(G36,'MITRA (REFERENSI)'!$A:$Z,15,FALSE) -> #N/A | L36: =VLOOKUP(G36,'MITRA (REFERENSI)'!$A:$Z,15,FALSE) -> #N/A | M36: =IF(B36=1,'KELAS (REFERENSI)'!M36,IF(B36=2,'KELAS (REFERENSI)'!M51,IF(B36=3,'KELAS (REFERENSI)'!M66,IF(B36=4,'KELAS (REFERENSI)'!M81,"")))) | N36: =IF(B36=1,'KELAS (REFERENSI)'!N36,IF(B36=2,'KELAS (REFERENSI)'!N51,IF(B36=3,'KELAS (REFERENSI)'!N66,IF(B36=4,'KELAS (REFERENSI)'!N81,"")))) | O36: =IF(B36=1,'KELAS (REFERENSI)'!O36,IF(B36=2,'KELAS (REFERENSI)'!O51,IF(B36=3,'KELAS (REFERENSI)'!O66,IF(B36=4,'KELAS (REFERENSI)'!O81,"")))) | P36: =IF(B36=1,'KELAS (REFERENSI)'!P36,IF(B36=2,'KELAS (REFERENSI)'!P51,IF(B36=3,'KELAS (REFERENSI)'!P66,IF(B36=4,'KELAS (REFERENSI)'!P81,"")))) | Q36: =Q35 -> BPS Kota Jakarta Timur | R36: =IF(B36=1,'[1]KELAS (REF) 1080'!L36,IF(B36=2,'[1]KELAS (REF) 1080'!L56,IF(B36=3,'[1]KELAS (REF) 1080'!L76,""))) | S36: =S35 -> 15 Juni sampai dengan 31 Agustus 2026 | T36: =T35 -> 31 Agustus 2026
A37: 0036 | D37: =B37&C37 | E37: =VLOOKUP(D37,'KELAS (REFERENSI)'!$E$1:$J$68,6,FALSE) -> #N/A | F37: ="PETUGAS."&A37&"/SPK/SE/PPL/3172/2026" -> PETUGAS.0036/SPK/SE/PPL/3172/2026 | H37: =VLOOKUP(G37,'MITRA (REFERENSI)'!$A:$Z,16,FALSE) -> #N/A | I37: =VLOOKUP(G37,'MITRA (REFERENSI)'!$A:$Z,25,FALSE) -> #N/A | J37: =VLOOKUP(G37,'MITRA (REFERENSI)'!$A:$Z,26,FALSE) -> #N/A | K37: =VLOOKUP(G37,'MITRA (REFERENSI)'!$A:$Z,15,FALSE) -> #N/A | L37: =VLOOKUP(G37,'MITRA (REFERENSI)'!$A:$Z,15,FALSE) -> #N/A | M37: =IF(B37=1,'KELAS (REFERENSI)'!M37,IF(B37=2,'KELAS (REFERENSI)'!M52,IF(B37=3,'KELAS (REFERENSI)'!M67,IF(B37=4,'KELAS (REFERENSI)'!M82,"")))) | N37: =IF(B37=1,'KELAS (REFERENSI)'!N37,IF(B37=2,'KELAS (REFERENSI)'!N52,IF(B37=3,'KELAS (REFERENSI)'!N67,IF(B37=4,'KELAS (REFERENSI)'!N82,"")))) | O37: =IF(B37=1,'KELAS (REFERENSI)'!O37,IF(B37=2,'KELAS (REFERENSI)'!O52,IF(B37=3,'KELAS (REFERENSI)'!O67,IF(B37=4,'KELAS (REFERENSI)'!O82,"")))) | P37: =IF(B37=1,'KELAS (REFERENSI)'!P37,IF(B37=2,'KELAS (REFERENSI)'!P52,IF(B37=3,'KELAS (REFERENSI)'!P67,IF(B37=4,'KELAS (REFERENSI)'!P82,"")))) | Q37: =Q36 -> BPS Kota Jakarta Timur | R37: =IF(B37=1,'[1]KELAS (REF) 1080'!L37,IF(B37=2,'[1]KELAS (REF) 1080'!L57,IF(B37=3,'[1]KELAS (REF) 1080'!L77,""))) | S37: =S36 -> 15 Juni sampai dengan 31 Agustus 2026 | T37: =T36 -> 31 Agustus 2026
A38: 0037 | D38: =B38&C38 | E38: =VLOOKUP(D38,'KELAS (REFERENSI)'!$E$1:$J$68,6,FALSE) -> #N/A | F38: ="PETUGAS."&A38&"/SPK/SE/PPL/3172/2026" -> PETUGAS.0037/SPK/SE/PPL/3172/2026 | H38: =VLOOKUP(G38,'MITRA (REFERENSI)'!$A:$Z,16,FALSE) -> #N/A | I38: =VLOOKUP(G38,'MITRA (REFERENSI)'!$A:$Z,25,FALSE) -> #N/A | J38: =VLOOKUP(G38,'MITRA (REFERENSI)'!$A:$Z,26,FALSE) -> #N/A | K38: =VLOOKUP(G38,'MITRA (REFERENSI)'!$A:$Z,15,FALSE) -> #N/A | L38: =VLOOKUP(G38,'MITRA (REFERENSI)'!$A:$Z,15,FALSE) -> #N/A | M38: =IF(B38=1,'KELAS (REFERENSI)'!M38,IF(B38=2,'KELAS (REFERENSI)'!M53,IF(B38=3,'KELAS (REFERENSI)'!M68,IF(B38=4,'KELAS (REFERENSI)'!M83,"")))) | N38: =IF(B38=1,'KELAS (REFERENSI)'!N38,IF(B38=2,'KELAS (REFERENSI)'!N53,IF(B38=3,'KELAS (REFERENSI)'!N68,IF(B38=4,'KELAS (REFERENSI)'!N83,"")))) | O38: =IF(B38=1,'KELAS (REFERENSI)'!O38,IF(B38=2,'KELAS (REFERENSI)'!O53,IF(B38=3,'KELAS (REFERENSI)'!O68,IF(B38=4,'KELAS (REFERENSI)'!O83,"")))) | P38: =IF(B38=1,'KELAS (REFERENSI)'!P38,IF(B38=2,'KELAS (REFERENSI)'!P53,IF(B38=3,'KELAS (REFERENSI)'!P68,IF(B38=4,'KELAS (REFERENSI)'!P83,"")))) | Q38: =Q37 -> BPS Kota Jakarta Timur | R38: =IF(B38=1,'[1]KELAS (REF) 1080'!L38,IF(B38=2,'[1]KELAS (REF) 1080'!L58,IF(B38=3,'[1]KELAS (REF) 1080'!L78,""))) | S38: =S37 -> 15 Juni sampai dengan 31 Agustus 2026 | T38: =T37 -> 31 Agustus 2026
A39: 0038 | D39: =B39&C39 | E39: =VLOOKUP(D39,'KELAS (REFERENSI)'!$E$1:$J$68,6,FALSE) -> #N/A | F39: ="PETUGAS."&A39&"/SPK/SE/PPL/3172/2026" -> PETUGAS.0038/SPK/SE/PPL/3172/2026 | H39: =VLOOKUP(G39,'MITRA (REFERENSI)'!$A:$Z,16,FALSE) -> #N/A | I39: =VLOOKUP(G39,'MITRA (REFERENSI)'!$A:$Z,25,FALSE) -> #N/A | J39: =VLOOKUP(G39,'MITRA (REFERENSI)'!$A:$Z,26,FALSE) -> #N/A | K39: =VLOOKUP(G39,'MITRA (REFERENSI)'!$A:$Z,15,FALSE) -> #N/A | L39: =VLOOKUP(G39,'MITRA (REFERENSI)'!$A:$Z,15,FALSE) -> #N/A | M39: =IF(B39=1,'KELAS (REFERENSI)'!M39,IF(B39=2,'KELAS (REFERENSI)'!M54,IF(B39=3,'KELAS (REFERENSI)'!M69,IF(B39=4,'KELAS (REFERENSI)'!M84,"")))) | N39: =IF(B39=1,'KELAS (REFERENSI)'!N39,IF(B39=2,'KELAS (REFERENSI)'!N54,IF(B39=3,'KELAS (REFERENSI)'!N69,IF(B39=4,'KELAS (REFERENSI)'!N84,"")))) | O39: =IF(B39=1,'KELAS (REFERENSI)'!O39,IF(B39=2,'KELAS (REFERENSI)'!O54,IF(B39=3,'KELAS (REFERENSI)'!O69,IF(B39=4,'KELAS (REFERENSI)'!O84,"")))) | P39: =IF(B39=1,'KELAS (REFERENSI)'!P39,IF(B39=2,'KELAS (REFERENSI)'!P54,IF(B39=3,'KELAS (REFERENSI)'!P69,IF(B39=4,'KELAS (REFERENSI)'!P84,"")))) | Q39: =Q38 -> BPS Kota Jakarta Timur | R39: =IF(B39=1,'[1]KELAS (REF) 1080'!L39,IF(B39=2,'[1]KELAS (REF) 1080'!L59,IF(B39=3,'[1]KELAS (REF) 1080'!L79,""))) | S39: =S38 -> 15 Juni sampai dengan 31 Agustus 2026 | T39: =T38 -> 31 Agustus 2026
... A41: 0040 | D41: =B41&C41 | E41: =VLOOKUP(D41,'KELAS (REFERENSI)'!$E$1:$J$68,6,FALSE) -> #N/A | F41: ="PETUGAS."&A41&"/SPK/SE/PPL/3172/2026" -> PETUGAS.0040/SPK/SE/PPL/3172/2026 | H41: =VLOOKUP(G41,'MITRA (REFERENSI)'!$A:$Z,16,FALSE) -> #N/A | I41: =VLOOKUP(G41,'MITRA (REFERENSI)'!$A:$Z,25,FALSE) -> #N/A | J41: =VLOOKUP(G41,'MITRA (REFERENSI)'!$A:$Z,26,FALSE) -> #N/A | K41: =VLOOKUP(G41,'MITRA (REFERENSI)'!$A:$Z,15,FALSE) -> #N/A | L41: =VLOOKUP(G41,'MITRA (REFERENSI)'!$A:$Z,15,FALSE) -> #N/A | M41: =IF(B41=1,'KELAS (REFERENSI)'!M41,IF(B41=2,'KELAS (REFERENSI)'!M56,IF(B41=3,'KELAS (REFERENSI)'!M71,IF(B41=4,'KELAS (REFERENSI)'!M86,"")))) | N41: =IF(B41=1,'KELAS (REFERENSI)'!N41,IF(B41=2,'KELAS (REFERENSI)'!N56,IF(B41=3,'KELAS (REFERENSI)'!N71,IF(B41=4,'KELAS (REFERENSI)'!N86,"")))) | O41: =IF(B41=1,'KELAS (REFERENSI)'!O41,IF(B41=2,'KELAS (REFERENSI)'!O56,IF(B41=3,'KELAS (REFERENSI)'!O71,IF(B41=4,'KELAS (REFERENSI)'!O86,"")))) | P41: =IF(B41=1,'KELAS (REFERENSI)'!P41,IF(B41=2,'KELAS (REFERENSI)'!P56,IF(B41=3,'KELAS (REFERENSI)'!P71,IF(B41=4,'KELAS (REFERENSI)'!P86,"")))) | Q41: =Q40 -> BPS Kota Jakarta Timur | R41: =IF(B41=1,'[1]KELAS (REF) 1080'!L41,IF(B41=2,'[1]KELAS (REF) 1080'!L61,IF(B41=3,'[1]KELAS (REF) 1080'!L81,""))) | S41: =S40 -> 15 Juni sampai dengan 31 Agustus 2026 | T41: =T40 -> 31 Agustus 2026
A42: 0041 | D42: =B42&C42 | E42: =VLOOKUP(D42,'KELAS (REFERENSI)'!$E$1:$J$68,6,FALSE) -> #N/A | F42: ="PETUGAS."&A42&"/SPK/SE/PPL/3172/2026" -> PETUGAS.0041/SPK/SE/PPL/3172/2026 | H42: =VLOOKUP(G42,'MITRA (REFERENSI)'!$A:$Z,16,FALSE) -> #N/A | I42: =VLOOKUP(G42,'MITRA (REFERENSI)'!$A:$Z,25,FALSE) -> #N/A | J42: =VLOOKUP(G42,'MITRA (REFERENSI)'!$A:$Z,26,FALSE) -> #N/A | K42: =VLOOKUP(G42,'MITRA (REFERENSI)'!$A:$Z,15,FALSE) -> #N/A | L42: =VLOOKUP(G42,'MITRA (REFERENSI)'!$A:$Z,15,FALSE) -> #N/A | M42: =IF(B42=1,'KELAS (REFERENSI)'!M42,IF(B42=2,'KELAS (REFERENSI)'!M57,IF(B42=3,'KELAS (REFERENSI)'!M72,IF(B42=4,'KELAS (REFERENSI)'!M87,"")))) | N42: =IF(B42=1,'KELAS (REFERENSI)'!N42,IF(B42=2,'KELAS (REFERENSI)'!N57,IF(B42=3,'KELAS (REFERENSI)'!N72,IF(B42=4,'KELAS (REFERENSI)'!N87,"")))) | O42: =IF(B42=1,'KELAS (REFERENSI)'!O42,IF(B42=2,'KELAS (REFERENSI)'!O57,IF(B42=3,'KELAS (REFERENSI)'!O72,IF(B42=4,'KELAS (REFERENSI)'!O87,"")))) | P42: =IF(B42=1,'KELAS (REFERENSI)'!P42,IF(B42=2,'KELAS (REFERENSI)'!P57,IF(B42=3,'KELAS (REFERENSI)'!P72,IF(B42=4,'KELAS (REFERENSI)'!P87,"")))) | Q42: =Q41 -> BPS Kota Jakarta Timur | R42: =IF(B42=1,'[1]KELAS (REF) 1080'!L45,IF(B42=2,'[1]KELAS (REF) 1080'!L62,IF(B42=3,'[1]KELAS (REF) 1080'!L82,""))) | S42: =S41 -> 15 Juni sampai dengan 31 Agustus 2026 | T42: =T41 -> 31 Agustus 2026
A43: 0042 | D43: =B43&C43 | E43: =VLOOKUP(D43,'KELAS (REFERENSI)'!$E$1:$J$68,6,FALSE) -> #N/A | F43: ="PETUGAS."&A43&"/SPK/SE/PPL/3172/2026" -> PETUGAS.0042/SPK/SE/PPL/3172/2026 | H43: =VLOOKUP(G43,'MITRA (REFERENSI)'!$A:$Z,16,FALSE) -> #N/A | I43: =VLOOKUP(G43,'MITRA (REFERENSI)'!$A:$Z,25,FALSE) -> #N/A | J43: =VLOOKUP(G43,'MITRA (REFERENSI)'!$A:$Z,26,FALSE) -> #N/A | K43: =VLOOKUP(G43,'MITRA (REFERENSI)'!$A:$Z,15,FALSE) -> #N/A | L43: =VLOOKUP(G43,'MITRA (REFERENSI)'!$A:$Z,15,FALSE) -> #N/A | M43: =IF(B43=1,'KELAS (REFERENSI)'!M43,IF(B43=2,'KELAS (REFERENSI)'!M58,IF(B43=3,'KELAS (REFERENSI)'!M73,IF(B43=4,'KELAS (REFERENSI)'!M88,"")))) | N43: =IF(B43=1,'KELAS (REFERENSI)'!N43,IF(B43=2,'KELAS (REFERENSI)'!N58,IF(B43=3,'KELAS (REFERENSI)'!N73,IF(B43=4,'KELAS (REFERENSI)'!N88,"")))) | O43: =IF(B43=1,'KELAS (REFERENSI)'!O43,IF(B43=2,'KELAS (REFERENSI)'!O58,IF(B43=3,'KELAS (REFERENSI)'!O73,IF(B43=4,'KELAS (REFERENSI)'!O88,"")))) | P43: =IF(B43=1,'KELAS (REFERENSI)'!P43,IF(B43=2,'KELAS (REFERENSI)'!P58,IF(B43=3,'KELAS (REFERENSI)'!P73,IF(B43=4,'KELAS (REFERENSI)'!P88,"")))) | Q43: =Q42 -> BPS Kota Jakarta Timur | R43: =IF(B43=1,'[1]KELAS (REF) 1080'!L46,IF(B43=2,'[1]KELAS (REF) 1080'!L63,IF(B43=3,'[1]KELAS (REF) 1080'!L83,""))) | S43: =S42 -> 15 Juni sampai dengan 31 Agustus 2026 | T43: =T42 -> 31 Agustus 2026
A44: 0043 | D44: =B44&C44 | E44: =VLOOKUP(D44,'KELAS (REFERENSI)'!$E$1:$J$68,6,FALSE) -> #N/A | F44: ="PETUGAS."&A44&"/SPK/SE/PPL/3172/2026" -> PETUGAS.0043/SPK/SE/PPL/3172/2026 | H44: =VLOOKUP(G44,'MITRA (REFERENSI)'!$A:$Z,16,FALSE) -> #N/A | I44: =VLOOKUP(G44,'MITRA (REFERENSI)'!$A:$Z,25,FALSE) -> #N/A | J44: =VLOOKUP(G44,'MITRA (REFERENSI)'!$A:$Z,26,FALSE) -> #N/A | K44: =VLOOKUP(G44,'MITRA (REFERENSI)'!$A:$Z,15,FALSE) -> #N/A | L44: =VLOOKUP(G44,'MITRA (REFERENSI)'!$A:$Z,15,FALSE) -> #N/A | M44: =IF(B44=1,'KELAS (REFERENSI)'!M44,IF(B44=2,'KELAS (REFERENSI)'!M59,IF(B44=3,'KELAS (REFERENSI)'!M74,IF(B44=4,'KELAS (REFERENSI)'!M89,"")))) | N44: =IF(B44=1,'KELAS (REFERENSI)'!N44,IF(B44=2,'KELAS (REFERENSI)'!N59,IF(B44=3,'KELAS (REFERENSI)'!N74,IF(B44=4,'KELAS (REFERENSI)'!N89,"")))) | O44: =IF(B44=1,'KELAS (REFERENSI)'!O44,IF(B44=2,'KELAS (REFERENSI)'!O59,IF(B44=3,'KELAS (REFERENSI)'!O74,IF(B44=4,'KELAS (REFERENSI)'!O89,"")))) | P44: =IF(B44=1,'KELAS (REFERENSI)'!P44,IF(B44=2,'KELAS (REFERENSI)'!P59,IF(B44=3,'KELAS (REFERENSI)'!P74,IF(B44=4,'KELAS (REFERENSI)'!P89,"")))) | Q44: =Q43 -> BPS Kota Jakarta Timur | R44: =IF(B44=1,'[1]KELAS (REF) 1080'!L47,IF(B44=2,'[1]KELAS (REF) 1080'!L64,IF(B44=3,'[1]KELAS (REF) 1080'!L84,""))) | S44: =S43 -> 15 Juni sampai dengan 31 Agustus 2026 | T44: =T43 -> 31 Agustus 2026
A45: 0044 | D45: =B45&C45 | E45: =VLOOKUP(D45,'KELAS (REFERENSI)'!$E$1:$J$68,6,FALSE) -> #N/A | F45: ="PETUGAS."&A45&"/SPK/SE/PPL/3172/2026" -> PETUGAS.0044/SPK/SE/PPL/3172/2026 | H45: =VLOOKUP(G45,'MITRA (REFERENSI)'!$A:$Z,16,FALSE) -> #N/A | I45: =VLOOKUP(G45,'MITRA (REFERENSI)'!$A:$Z,25,FALSE) -> #N/A | J45: =VLOOKUP(G45,'MITRA (REFERENSI)'!$A:$Z,26,FALSE) -> #N/A | K45: =VLOOKUP(G45,'MITRA (REFERENSI)'!$A:$Z,15,FALSE) -> #N/A | L45: =VLOOKUP(G45,'MITRA (REFERENSI)'!$A:$Z,15,FALSE) -> #N/A | M45: =IF(B45=1,'KELAS (REFERENSI)'!M45,IF(B45=2,'KELAS (REFERENSI)'!M60,IF(B45=3,'KELAS (REFERENSI)'!M75,IF(B45=4,'KELAS (REFERENSI)'!M90,"")))) | N45: =IF(B45=1,'KELAS (REFERENSI)'!N45,IF(B45=2,'KELAS (REFERENSI)'!N60,IF(B45=3,'KELAS (REFERENSI)'!N75,IF(B45=4,'KELAS (REFERENSI)'!N90,"")))) | O45: =IF(B45=1,'KELAS (REFERENSI)'!O45,IF(B45=2,'KELAS (REFERENSI)'!O60,IF(B45=3,'KELAS (REFERENSI)'!O75,IF(B45=4,'KELAS (REFERENSI)'!O90,"")))) | P45: =IF(B45=1,'KELAS (REFERENSI)'!P45,IF(B45=2,'KELAS (REFERENSI)'!P60,IF(B45=3,'KELAS (REFERENSI)'!P75,IF(B45=4,'KELAS (REFERENSI)'!P90,"")))) | Q45: =Q44 -> BPS Kota Jakarta Timur | R45: =IF(B45=1,'[1]KELAS (REF) 1080'!#REF!,IF(B45=2,'[1]KELAS (REF) 1080'!L65,IF(B45=3,'[1]KELAS (REF) 1080'!L85,""))) -> #ERROR! | S45: =S44 -> 15 Juni sampai dengan 31 Agustus 2026 | T45: =T44 -> 31 Agustus 2026
A46: 0045 | D46: =B46&C46 | E46: =VLOOKUP(D46,'KELAS (REFERENSI)'!$E$1:$J$68,6,FALSE) -> #N/A | F46: ="PETUGAS."&A46&"/SPK/SE/PPL/3172/2026" -> PETUGAS.0045/SPK/SE/PPL/3172/2026 | H46: =VLOOKUP(G46,'MITRA (REFERENSI)'!$A:$Z,16,FALSE) -> #N/A | I46: =VLOOKUP(G46,'MITRA (REFERENSI)'!$A:$Z,25,FALSE) -> #N/A | J46: =VLOOKUP(G46,'MITRA (REFERENSI)'!$A:$Z,26,FALSE) -> #N/A | K46: =VLOOKUP(G46,'MITRA (REFERENSI)'!$A:$Z,15,FALSE) -> #N/A | L46: =VLOOKUP(G46,'MITRA (REFERENSI)'!$A:$Z,15,FALSE) -> #N/A | M46: =IF(B46=1,'KELAS (REFERENSI)'!M46,IF(B46=2,'KELAS (REFERENSI)'!M61,IF(B46=3,'KELAS (REFERENSI)'!M76,IF(B46=4,'KELAS (REFERENSI)'!M91,"")))) | N46: =IF(B46=1,'KELAS (REFERENSI)'!N46,IF(B46=2,'KELAS (REFERENSI)'!N61,IF(B46=3,'KELAS (REFERENSI)'!N76,IF(B46=4,'KELAS (REFERENSI)'!N91,"")))) | O46: =IF(B46=1,'KELAS (REFERENSI)'!O46,IF(B46=2,'KELAS (REFERENSI)'!O61,IF(B46=3,'KELAS (REFERENSI)'!O76,IF(B46=4,'KELAS (REFERENSI)'!O91,"")))) | P46: =IF(B46=1,'KELAS (REFERENSI)'!P46,IF(B46=2,'KELAS (REFERENSI)'!P61,IF(B46=3,'KELAS (REFERENSI)'!P76,IF(B46=4,'KELAS (REFERENSI)'!P91,"")))) | Q46: =Q45 -> BPS Kota Jakarta Timur | R46: =IF(B46=1,'[1]KELAS (REF) 1080'!#REF!,IF(B46=2,'[1]KELAS (REF) 1080'!L66,IF(B46=3,'[1]KELAS (REF) 1080'!L86,""))) -> #ERROR! | S46: =S45 -> 15 Juni sampai dengan 31 Agustus 2026 | T46: =T45 -> 31 Agustus 2026
A47: 0046 | D47: =B47&C47 | E47: =VLOOKUP(D47,'KELAS (REFERENSI)'!$E$1:$J$68,6,FALSE) -> #N/A | F47: ="PETUGAS."&A47&"/SPK/SE/PPL/3172/2026" -> PETUGAS.0046/SPK/SE/PPL/3172/2026 | H47: =VLOOKUP(G47,'MITRA (REFERENSI)'!$A:$Z,16,FALSE) -> #N/A | I47: =VLOOKUP(G47,'MITRA (REFERENSI)'!$A:$Z,25,FALSE) -> #N/A | J47: =VLOOKUP(G47,'MITRA (REFERENSI)'!$A:$Z,26,FALSE) -> #N/A | K47: =VLOOKUP(G47,'MITRA (REFERENSI)'!$A:$Z,15,FALSE) -> #N/A | L47: =VLOOKUP(G47,'MITRA (REFERENSI)'!$A:$Z,15,FALSE) -> #N/A | M47: =IF(B47=1,'KELAS (REFERENSI)'!M47,IF(B47=2,'KELAS (REFERENSI)'!M62,IF(B47=3,'KELAS (REFERENSI)'!M77,IF(B47=4,'KELAS (REFERENSI)'!M92,"")))) | N47: =IF(B47=1,'KELAS (REFERENSI)'!N47,IF(B47=2,'KELAS (REFERENSI)'!N62,IF(B47=3,'KELAS (REFERENSI)'!N77,IF(B47=4,'KELAS (REFERENSI)'!N92,"")))) | O47: =IF(B47=1,'KELAS (REFERENSI)'!O47,IF(B47=2,'KELAS (REFERENSI)'!O62,IF(B47=3,'KELAS (REFERENSI)'!O77,IF(B47=4,'KELAS (REFERENSI)'!O92,"")))) | P47: =IF(B47=1,'KELAS (REFERENSI)'!P47,IF(B47=2,'KELAS (REFERENSI)'!P62,IF(B47=3,'KELAS (REFERENSI)'!P77,IF(B47=4,'KELAS (REFERENSI)'!P92,"")))) | Q47: =Q46 -> BPS Kota Jakarta Timur | R47: =IF(B47=1,'[1]KELAS (REF) 1080'!#REF!,IF(B47=2,'[1]KELAS (REF) 1080'!L67,IF(B47=3,'[1]KELAS (REF) 1080'!L87,""))) -> #ERROR! | S47: =S46 -> 15 Juni sampai dengan 31 Agustus 2026 | T47: =T46 -> 31 Agustus 2026
A48: 0047 | D48: =B48&C48 | E48: =VLOOKUP(D48,'KELAS (REFERENSI)'!$E$1:$J$68,6,FALSE) -> #N/A | F48: ="PETUGAS."&A48&"/SPK/SE/PPL/3172/2026" -> PETUGAS.0047/SPK/SE/PPL/3172/2026 | H48: =VLOOKUP(G48,'MITRA (REFERENSI)'!$A:$Z,16,FALSE) -> #N/A | I48: =VLOOKUP(G48,'MITRA (REFERENSI)'!$A:$Z,25,FALSE) -> #N/A | J48: =VLOOKUP(G48,'MITRA (REFERENSI)'!$A:$Z,26,FALSE) -> #N/A | K48: =VLOOKUP(G48,'MITRA (REFERENSI)'!$A:$Z,15,FALSE) -> #N/A | L48: =VLOOKUP(G48,'MITRA (REFERENSI)'!$A:$Z,15,FALSE) -> #N/A | M48: =IF(B48=1,'KELAS (REFERENSI)'!M48,IF(B48=2,'KELAS (REFERENSI)'!M63,IF(B48=3,'KELAS (REFERENSI)'!M78,IF(B48=4,'KELAS (REFERENSI)'!M93,"")))) | N48: =IF(B48=1,'KELAS (REFERENSI)'!N48,IF(B48=2,'KELAS (REFERENSI)'!N63,IF(B48=3,'KELAS (REFERENSI)'!N78,IF(B48=4,'KELAS (REFERENSI)'!N93,"")))) | O48: =IF(B48=1,'KELAS (REFERENSI)'!O48,IF(B48=2,'KELAS (REFERENSI)'!O63,IF(B48=3,'KELAS (REFERENSI)'!O78,IF(B48=4,'KELAS (REFERENSI)'!O93,"")))) | P48: =IF(B48=1,'KELAS (REFERENSI)'!P48,IF(B48=2,'KELAS (REFERENSI)'!P63,IF(B48=3,'KELAS (REFERENSI)'!P78,IF(B48=4,'KELAS (REFERENSI)'!P93,"")))) | Q48: =Q47 -> BPS Kota Jakarta Timur | R48: =IF(B48=1,'[1]KELAS (REF) 1080'!L48,IF(B48=2,'[1]KELAS (REF) 1080'!L68,IF(B48=3,'[1]KELAS (REF) 1080'!L88,""))) | S48: =S47 -> 15 Juni sampai dengan 31 Agustus 2026 | T48: =T47 -> 31 Agustus 2026
A49: 0048 | D49: =B49&C49 | E49: =VLOOKUP(D49,'KELAS (REFERENSI)'!$E$1:$J$68,6,FALSE) -> #N/A | F49: ="PETUGAS."&A49&"/SPK/SE/PPL/3172/2026" -> PETUGAS.0048/SPK/SE/PPL/3172/2026 | H49: =VLOOKUP(G49,'MITRA (REFERENSI)'!$A:$Z,16,FALSE) -> #N/A | I49: =VLOOKUP(G49,'MITRA (REFERENSI)'!$A:$Z,25,FALSE) -> #N/A | J49: =VLOOKUP(G49,'MITRA (REFERENSI)'!$A:$Z,26,FALSE) -> #N/A | K49: =VLOOKUP(G49,'MITRA (REFERENSI)'!$A:$Z,15,FALSE) -> #N/A | L49: =VLOOKUP(G49,'MITRA (REFERENSI)'!$A:$Z,15,FALSE) -> #N/A | M49: =IF(B49=1,'KELAS (REFERENSI)'!M49,IF(B49=2,'KELAS (REFERENSI)'!M64,IF(B49=3,'KELAS (REFERENSI)'!M79,IF(B49=4,'KELAS (REFERENSI)'!M94,"")))) | N49: =IF(B49=1,'KELAS (REFERENSI)'!N49,IF(B49=2,'KELAS (REFERENSI)'!N64,IF(B49=3,'KELAS (REFERENSI)'!N79,IF(B49=4,'KELAS (REFERENSI)'!N94,"")))) | O49: =IF(B49=1,'KELAS (REFERENSI)'!O49,IF(B49=2,'KELAS (REFERENSI)'!O64,IF(B49=3,'KELAS (REFERENSI)'!O79,IF(B49=4,'KELAS (REFERENSI)'!O94,"")))) | P49: =IF(B49=1,'KELAS (REFERENSI)'!P49,IF(B49=2,'KELAS (REFERENSI)'!P64,IF(B49=3,'KELAS (REFERENSI)'!P79,IF(B49=4,'KELAS (REFERENSI)'!P94,"")))) | Q49: =Q48 -> BPS Kota Jakarta Timur | R49: =IF(B49=1,'[1]KELAS (REF) 1080'!L49,IF(B49=2,'[1]KELAS (REF) 1080'!L69,IF(B49=3,'[1]KELAS (REF) 1080'!L89,""))) | S49: =S48 -> 15 Juni sampai dengan 31 Agustus 2026 | T49: =T48 -> 31 Agustus 2026
A50: 0049 | D50: =B50&C50 | E50: =VLOOKUP(D50,'KELAS (REFERENSI)'!$E$1:$J$68,6,FALSE) -> #N/A | F50: ="PETUGAS."&A50&"/SPK/SE/PPL/3172/2026" -> PETUGAS.0049/SPK/SE/PPL/3172/2026 | H50: =VLOOKUP(G50,'MITRA (REFERENSI)'!$A:$Z,16,FALSE) -> #N/A | I50: =VLOOKUP(G50,'MITRA (REFERENSI)'!$A:$Z,25,FALSE) -> #N/A | J50: =VLOOKUP(G50,'MITRA (REFERENSI)'!$A:$Z,26,FALSE) -> #N/A | K50: =VLOOKUP(G50,'MITRA (REFERENSI)'!$A:$Z,15,FALSE) -> #N/A | L50: =VLOOKUP(G50,'MITRA (REFERENSI)'!$A:$Z,15,FALSE) -> #N/A | M50: =IF(B50=1,'KELAS (REFERENSI)'!M50,IF(B50=2,'KELAS (REFERENSI)'!M65,IF(B50=3,'KELAS (REFERENSI)'!M80,IF(B50=4,'KELAS (REFERENSI)'!M95,"")))) | N50: =IF(B50=1,'KELAS (REFERENSI)'!N50,IF(B50=2,'KELAS (REFERENSI)'!N65,IF(B50=3,'KELAS (REFERENSI)'!N80,IF(B50=4,'KELAS (REFERENSI)'!N95,"")))) | O50: =IF(B50=1,'KELAS (REFERENSI)'!O50,IF(B50=2,'KELAS (REFERENSI)'!O65,IF(B50=3,'KELAS (REFERENSI)'!O80,IF(B50=4,'KELAS (REFERENSI)'!O95,"")))) | P50: =IF(B50=1,'KELAS (REFERENSI)'!P50,IF(B50=2,'KELAS (REFERENSI)'!P65,IF(B50=3,'KELAS (REFERENSI)'!P80,IF(B50=4,'KELAS (REFERENSI)'!P95,"")))) | Q50: =Q49 -> BPS Kota Jakarta Timur | R50: =IF(B50=1,'[1]KELAS (REF) 1080'!L50,IF(B50=2,'[1]KELAS (REF) 1080'!L70,IF(B50=3,'[1]KELAS (REF) 1080'!L90,""))) | S50: =S49 -> 15 Juni sampai dengan 31 Agustus 2026 | T50: =T49 -> 31 Agustus 2026
A51: 0050 | D51: =B51&C51 | E51: =VLOOKUP(D51,'KELAS (REFERENSI)'!$E$1:$J$68,6,FALSE) -> #N/A | F51: ="PETUGAS."&A51&"/SPK/SE/PPL/3172/2026" -> PETUGAS.0050/SPK/SE/PPL/3172/2026 | H51: =VLOOKUP(G51,'MITRA (REFERENSI)'!$A:$Z,16,FALSE) -> #N/A | I51: =VLOOKUP(G51,'MITRA (REFERENSI)'!$A:$Z,25,FALSE) -> #N/A | J51: =VLOOKUP(G51,'MITRA (REFERENSI)'!$A:$Z,26,FALSE) -> #N/A | K51: =VLOOKUP(G51,'MITRA (REFERENSI)'!$A:$Z,15,FALSE) -> #N/A | L51: =VLOOKUP(G51,'MITRA (REFERENSI)'!$A:$Z,15,FALSE) -> #N/A | M51: =IF(B51=1,'KELAS (REFERENSI)'!M51,IF(B51=2,'KELAS (REFERENSI)'!M66,IF(B51=3,'KELAS (REFERENSI)'!M81,IF(B51=4,'KELAS (REFERENSI)'!M96,"")))) | N51: =IF(B51=1,'KELAS (REFERENSI)'!N51,IF(B51=2,'KELAS (REFERENSI)'!N66,IF(B51=3,'KELAS (REFERENSI)'!N81,IF(B51=4,'KELAS (REFERENSI)'!N96,"")))) | O51: =IF(B51=1,'KELAS (REFERENSI)'!O51,IF(B51=2,'KELAS (REFERENSI)'!O66,IF(B51=3,'KELAS (REFERENSI)'!O81,IF(B51=4,'KELAS (REFERENSI)'!O96,"")))) | P51: =IF(B51=1,'KELAS (REFERENSI)'!P51,IF(B51=2,'KELAS (REFERENSI)'!P66,IF(B51=3,'KELAS (REFERENSI)'!P81,IF(B51=4,'KELAS (REFERENSI)'!P96,"")))) | Q51: =Q50 -> BPS Kota Jakarta Timur | R51: =IF(B51=1,'[1]KELAS (REF) 1080'!L51,IF(B51=2,'[1]KELAS (REF) 1080'!L71,IF(B51=3,'[1]KELAS (REF) 1080'!L91,""))) | S51: =S50 -> 15 Juni sampai dengan 31 Agustus 2026 | T51: =T50 -> 31 Agustus 2026
A52: 0051 | D52: =B52&C52 | E52: =VLOOKUP(D52,'KELAS (REFERENSI)'!$E$1:$J$68,6,FALSE) -> #N/A | F52: ="PETUGAS."&A52&"/SPK/SE/PPL/3172/2026" -> PETUGAS.0051/SPK/SE/PPL/3172/2026 | H52: =VLOOKUP(G52,'MITRA (REFERENSI)'!$A:$Z,16,FALSE) -> #N/A | I52: =VLOOKUP(G52,'MITRA (REFERENSI)'!$A:$Z,25,FALSE) -> #N/A | J52: =VLOOKUP(G52,'MITRA (REFERENSI)'!$A:$Z,26,FALSE) -> #N/A | K52: =VLOOKUP(G52,'MITRA (REFERENSI)'!$A:$Z,15,FALSE) -> #N/A | L52: =VLOOKUP(G52,'MITRA (REFERENSI)'!$A:$Z,15,FALSE) -> #N/A | M52: =IF(B52=1,'KELAS (REFERENSI)'!M52,IF(B52=2,'KELAS (REFERENSI)'!M67,IF(B52=3,'KELAS (REFERENSI)'!M82,IF(B52=4,'KELAS (REFERENSI)'!M97,"")))) | N52: =IF(B52=1,'KELAS (REFERENSI)'!N52,IF(B52=2,'KELAS (REFERENSI)'!N67,IF(B52=3,'KELAS (REFERENSI)'!N82,IF(B52=4,'KELAS (REFERENSI)'!N97,"")))) | O52: =IF(B52=1,'KELAS (REFERENSI)'!O52,IF(B52=2,'KELAS (REFERENSI)'!O67,IF(B52=3,'KELAS (REFERENSI)'!O82,IF(B52=4,'KELAS (REFERENSI)'!O97,"")))) | P52: =IF(B52=1,'KELAS (REFERENSI)'!P52,IF(B52=2,'KELAS (REFERENSI)'!P67,IF(B52=3,'KELAS (REFERENSI)'!P82,IF(B52=4,'KELAS (REFERENSI)'!P97,"")))) | Q52: =Q51 -> BPS Kota Jakarta Timur | R52: =IF(B52=1,'[1]KELAS (REF) 1080'!L52,IF(B52=2,'[1]KELAS (REF) 1080'!L72,IF(B52=3,'[1]KELAS (REF) 1080'!L92,""))) | S52: =S51 -> 15 Juni sampai dengan 31 Agustus 2026 | T52: =T51 -> 31 Agustus 2026
A53: 0052 | D53: =B53&C53 | E53: =VLOOKUP(D53,'KELAS (REFERENSI)'!$E$1:$J$68,6,FALSE) -> #N/A | F53: ="PETUGAS."&A53&"/SPK/SE/PPL/3172/2026" -> PETUGAS.0052/SPK/SE/PPL/3172/2026 | H53: =VLOOKUP(G53,'MITRA (REFERENSI)'!$A:$Z,16,FALSE) -> #N/A | I53: =VLOOKUP(G53,'MITRA (REFERENSI)'!$A:$Z,25,FALSE) -> #N/A | J53: =VLOOKUP(G53,'MITRA (REFERENSI)'!$A:$Z,26,FALSE) -> #N/A | K53: =VLOOKUP(G53,'MITRA (REFERENSI)'!$A:$Z,15,FALSE) -> #N/A | L53: =VLOOKUP(G53,'MITRA (REFERENSI)'!$A:$Z,15,FALSE) -> #N/A | M53: =IF(B53=1,'KELAS (REFERENSI)'!M53,IF(B53=2,'KELAS (REFERENSI)'!M68,IF(B53=3,'KELAS (REFERENSI)'!M83,IF(B53=4,'KELAS (REFERENSI)'!M98,"")))) | N53: =IF(B53=1,'KELAS (REFERENSI)'!N53,IF(B53=2,'KELAS (REFERENSI)'!N68,IF(B53=3,'KELAS (REFERENSI)'!N83,IF(B53=4,'KELAS (REFERENSI)'!N98,"")))) | O53: =IF(B53=1,'KELAS (REFERENSI)'!O53,IF(B53=2,'KELAS (REFERENSI)'!O68,IF(B53=3,'KELAS (REFERENSI)'!O83,IF(B53=4,'KELAS (REFERENSI)'!O98,"")))) | P53: =IF(B53=1,'KELAS (REFERENSI)'!P53,IF(B53=2,'KELAS (REFERENSI)'!P68,IF(B53=3,'KELAS (REFERENSI)'!P83,IF(B53=4,'KELAS (REFERENSI)'!P98,"")))) | Q53: =Q52 -> BPS Kota Jakarta Timur | R53: =IF(B53=1,'[1]KELAS (REF) 1080'!L53,IF(B53=2,'[1]KELAS (REF) 1080'!L73,IF(B53=3,'[1]KELAS (REF) 1080'!L93,""))) | S53: =S52 -> 15 Juni sampai dengan 31 Agustus 2026 | T53: =T52 -> 31 Agustus 2026
A54: 0053 | D54: =B54&C54 | E54: =VLOOKUP(D54,'KELAS (REFERENSI)'!$E$1:$J$68,6,FALSE) -> #N/A | F54: ="PETUGAS."&A54&"/SPK/SE/PPL/3172/2026" -> PETUGAS.0053/SPK/SE/PPL/3172/2026 | H54: =VLOOKUP(G54,'MITRA (REFERENSI)'!$A:$Z,16,FALSE) -> #N/A | I54: =VLOOKUP(G54,'MITRA (REFERENSI)'!$A:$Z,25,FALSE) -> #N/A | J54: =VLOOKUP(G54,'MITRA (REFERENSI)'!$A:$Z,26,FALSE) -> #N/A | K54: =VLOOKUP(G54,'MITRA (REFERENSI)'!$A:$Z,15,FALSE) -> #N/A | L54: =VLOOKUP(G54,'MITRA (REFERENSI)'!$A:$Z,15,FALSE) -> #N/A | M54: =IF(B54=1,'KELAS (REFERENSI)'!M54,IF(B54=2,'KELAS (REFERENSI)'!M69,IF(B54=3,'KELAS (REFERENSI)'!M84,IF(B54=4,'KELAS (REFERENSI)'!M99,"")))) | N54: =IF(B54=1,'KELAS (REFERENSI)'!N54,IF(B54=2,'KELAS (REFERENSI)'!N69,IF(B54=3,'KELAS (REFERENSI)'!N84,IF(B54=4,'KELAS (REFERENSI)'!N99,"")))) | O54: =IF(B54=1,'KELAS (REFERENSI)'!O54,IF(B54=2,'KELAS (REFERENSI)'!O69,IF(B54=3,'KELAS (REFERENSI)'!O84,IF(B54=4,'KELAS (REFERENSI)'!O99,"")))) | P54: =IF(B54=1,'KELAS (REFERENSI)'!P54,IF(B54=2,'KELAS (REFERENSI)'!P69,IF(B54=3,'KELAS (REFERENSI)'!P84,IF(B54=4,'KELAS (REFERENSI)'!P99,"")))) | Q54: =Q53 -> BPS Kota Jakarta Timur | R54: =IF(B54=1,'[1]KELAS (REF) 1080'!L54,IF(B54=2,'[1]KELAS (REF) 1080'!L74,IF(B54=3,'[1]KELAS (REF) 1080'!L94,""))) | S54: =S53 -> 15 Juni sampai dengan 31 Agustus 2026 | T54: =T53 -> 31 Agustus 2026
A55: 0054 | D55: =B55&C55 | E55: =VLOOKUP(D55,'KELAS (REFERENSI)'!$E$1:$J$68,6,FALSE) -> #N/A | F55: ="PETUGAS."&A55&"/SPK/SE/PPL/3172/2026" -> PETUGAS.0054/SPK/SE/PPL/3172/2026 | H55: =VLOOKUP(G55,'MITRA (REFERENSI)'!$A:$Z,16,FALSE) -> #N/A | I55: =VLOOKUP(G55,'MITRA (REFERENSI)'!$A:$Z,25,FALSE) -> #N/A | J55: =VLOOKUP(G55,'MITRA (REFERENSI)'!$A:$Z,26,FALSE) -> #N/A | K55: =VLOOKUP(G55,'MITRA (REFERENSI)'!$A:$Z,15,FALSE) -> #N/A | L55: =VLOOKUP(G55,'MITRA (REFERENSI)'!$A:$Z,15,FALSE) -> #N/A | M55: =IF(B55=1,'KELAS (REFERENSI)'!M55,IF(B55=2,'KELAS (REFERENSI)'!M70,IF(B55=3,'KELAS (REFERENSI)'!M85,IF(B55=4,'KELAS (REFERENSI)'!M100,"")))) | N55: =IF(B55=1,'KELAS (REFERENSI)'!N55,IF(B55=2,'KELAS (REFERENSI)'!N70,IF(B55=3,'KELAS (REFERENSI)'!N85,IF(B55=4,'KELAS (REFERENSI)'!N100,"")))) | O55: =IF(B55=1,'KELAS (REFERENSI)'!O55,IF(B55=2,'KELAS (REFERENSI)'!O70,IF(B55=3,'KELAS (REFERENSI)'!O85,IF(B55=4,'KELAS (REFERENSI)'!O100,"")))) | P55: =IF(B55=1,'KELAS (REFERENSI)'!P55,IF(B55=2,'KELAS (REFERENSI)'!P70,IF(B55=3,'KELAS (REFERENSI)'!P85,IF(B55=4,'KELAS (REFERENSI)'!P100,"")))) | Q55: =Q54 -> BPS Kota Jakarta Timur | R55: =IF(B55=1,'[1]KELAS (REF) 1080'!L55,IF(B55=2,'[1]KELAS (REF) 1080'!L75,IF(B55=3,'[1]KELAS (REF) 1080'!L95,""))) | S55: =S54 -> 15 Juni sampai dengan 31 Agustus 2026 | T55: =T54 -> 31 Agustus 2026
A56: 0055 | D56: =B56&C56 | E56: =VLOOKUP(D56,'KELAS (REFERENSI)'!$E$1:$J$68,6,FALSE) -> #N/A | F56: ="PETUGAS."&A56&"/SPK/SE/PPL/3172/2026" -> PETUGAS.0055/SPK/SE/PPL/3172/2026 | H56: =VLOOKUP(G56,'MITRA (REFERENSI)'!$A:$Z,16,FALSE) -> #N/A | I56: =VLOOKUP(G56,'MITRA (REFERENSI)'!$A:$Z,25,FALSE) -> #N/A | J56: =VLOOKUP(G56,'MITRA (REFERENSI)'!$A:$Z,26,FALSE) -> #N/A | K56: =VLOOKUP(G56,'MITRA (REFERENSI)'!$A:$Z,15,FALSE) -> #N/A | L56: =VLOOKUP(G56,'MITRA (REFERENSI)'!$A:$Z,15,FALSE) -> #N/A | M56: =IF(B56=1,'KELAS (REFERENSI)'!M56,IF(B56=2,'KELAS (REFERENSI)'!M71,IF(B56=3,'KELAS (REFERENSI)'!M86,IF(B56=4,'KELAS (REFERENSI)'!M101,"")))) | N56: =IF(B56=1,'KELAS (REFERENSI)'!N56,IF(B56=2,'KELAS (REFERENSI)'!N71,IF(B56=3,'KELAS (REFERENSI)'!N86,IF(B56=4,'KELAS (REFERENSI)'!N101,"")))) | O56: =IF(B56=1,'KELAS (REFERENSI)'!O56,IF(B56=2,'KELAS (REFERENSI)'!O71,IF(B56=3,'KELAS (REFERENSI)'!O86,IF(B56=4,'KELAS (REFERENSI)'!O101,"")))) | P56: =IF(B56=1,'KELAS (REFERENSI)'!P56,IF(B56=2,'KELAS (REFERENSI)'!P71,IF(B56=3,'KELAS (REFERENSI)'!P86,IF(B56=4,'KELAS (REFERENSI)'!P101,"")))) | Q56: =Q55 -> BPS Kota Jakarta Timur | R56: =IF(B56=1,'[1]KELAS (REF) 1080'!L56,IF(B56=2,'[1]KELAS (REF) 1080'!L76,IF(B56=3,'[1]KELAS (REF) 1080'!L96,""))) | S56: =S55 -> 15 Juni sampai dengan 31 Agustus 2026 | T56: =T55 -> 31 Agustus 2026
A57: 0056 | D57: =B57&C57 | E57: =VLOOKUP(D57,'KELAS (REFERENSI)'!$E$1:$J$68,6,FALSE) -> #N/A | F57: ="PETUGAS."&A57&"/SPK/SE/PPL/3172/2026" -> PETUGAS.0056/SPK/SE/PPL/3172/2026 | H57: =VLOOKUP(G57,'MITRA (REFERENSI)'!$A:$Z,16,FALSE) -> #N/A | I57: =VLOOKUP(G57,'MITRA (REFERENSI)'!$A:$Z,25,FALSE) -> #N/A | J57: =VLOOKUP(G57,'MITRA (REFERENSI)'!$A:$Z,26,FALSE) -> #N/A | K57: =VLOOKUP(G57,'MITRA (REFERENSI)'!$A:$Z,15,FALSE) -> #N/A | L57: =VLOOKUP(G57,'MITRA (REFERENSI)'!$A:$Z,15,FALSE) -> #N/A | M57: =IF(B57=1,'KELAS (REFERENSI)'!M57,IF(B57=2,'KELAS (REFERENSI)'!M72,IF(B57=3,'KELAS (REFERENSI)'!M87,IF(B57=4,'KELAS (REFERENSI)'!M102,"")))) | N57: =IF(B57=1,'KELAS (REFERENSI)'!N57,IF(B57=2,'KELAS (REFERENSI)'!N72,IF(B57=3,'KELAS (REFERENSI)'!N87,IF(B57=4,'KELAS (REFERENSI)'!N102,"")))) | O57: =IF(B57=1,'KELAS (REFERENSI)'!O57,IF(B57=2,'KELAS (REFERENSI)'!O72,IF(B57=3,'KELAS (REFERENSI)'!O87,IF(B57=4,'KELAS (REFERENSI)'!O102,"")))) | P57: =IF(B57=1,'KELAS (REFERENSI)'!P57,IF(B57=2,'KELAS (REFERENSI)'!P72,IF(B57=3,'KELAS (REFERENSI)'!P87,IF(B57=4,'KELAS (REFERENSI)'!P102,"")))) | Q57: =Q56 -> BPS Kota Jakarta Timur | R57: =IF(B57=1,'[1]KELAS (REF) 1080'!L57,IF(B57=2,'[1]KELAS (REF) 1080'!L77,IF(B57=3,'[1]KELAS (REF) 1080'!L97,""))) | S57: =S56 -> 15 Juni sampai dengan 31 Agustus 2026 | T57: =T56 -> 31 Agustus 2026
A58: 0057 | D58: =B58&C58 | E58: =VLOOKUP(D58,'KELAS (REFERENSI)'!$E$1:$J$68,6,FALSE) -> #N/A | F58: ="PETUGAS."&A58&"/SPK/SE/PPL/3172/2026" -> PETUGAS.0057/SPK/SE/PPL/3172/2026 | H58: =VLOOKUP(G58,'MITRA (REFERENSI)'!$A:$Z,16,FALSE) -> #N/A | I58: =VLOOKUP(G58,'MITRA (REFERENSI)'!$A:$Z,25,FALSE) -> #N/A | J58: =VLOOKUP(G58,'MITRA (REFERENSI)'!$A:$Z,26,FALSE) -> #N/A | K58: =VLOOKUP(G58,'MITRA (REFERENSI)'!$A:$Z,15,FALSE) -> #N/A | L58: =VLOOKUP(G58,'MITRA (REFERENSI)'!$A:$Z,15,FALSE) -> #N/A | M58: =IF(B58=1,'KELAS (REFERENSI)'!M58,IF(B58=2,'KELAS (REFERENSI)'!M73,IF(B58=3,'KELAS (REFERENSI)'!M88,IF(B58=4,'KELAS (REFERENSI)'!M103,"")))) | N58: =IF(B58=1,'KELAS (REFERENSI)'!N58,IF(B58=2,'KELAS (REFERENSI)'!N73,IF(B58=3,'KELAS (REFERENSI)'!N88,IF(B58=4,'KELAS (REFERENSI)'!N103,"")))) | O58: =IF(B58=1,'KELAS (REFERENSI)'!O58,IF(B58=2,'KELAS (REFERENSI)'!O73,IF(B58=3,'KELAS (REFERENSI)'!O88,IF(B58=4,'KELAS (REFERENSI)'!O103,"")))) | P58: =IF(B58=1,'KELAS (REFERENSI)'!P58,IF(B58=2,'KELAS (REFERENSI)'!P73,IF(B58=3,'KELAS (REFERENSI)'!P88,IF(B58=4,'KELAS (REFERENSI)'!P103,"")))) | Q58: =Q57 -> BPS Kota Jakarta Timur | R58: =IF(B58=1,'[1]KELAS (REF) 1080'!L58,IF(B58=2,'[1]KELAS (REF) 1080'!L78,IF(B58=3,'[1]KELAS (REF) 1080'!L98,""))) | S58: =S57 -> 15 Juni sampai dengan 31 Agustus 2026 | T58: =T57 -> 31 Agustus 2026
A59: 0058 | D59: =B59&C59 | E59: =VLOOKUP(D59,'KELAS (REFERENSI)'!$E$1:$J$68,6,FALSE) -> #N/A | F59: ="PETUGAS."&A59&"/SPK/SE/PPL/3172/2026" -> PETUGAS.0058/SPK/SE/PPL/3172/2026 | H59: =VLOOKUP(G59,'MITRA (REFERENSI)'!$A:$Z,16,FALSE) -> #N/A | I59: =VLOOKUP(G59,'MITRA (REFERENSI)'!$A:$Z,25,FALSE) -> #N/A | J59: =VLOOKUP(G59,'MITRA (REFERENSI)'!$A:$Z,26,FALSE) -> #N/A | K59: =VLOOKUP(G59,'MITRA (REFERENSI)'!$A:$Z,15,FALSE) -> #N/A | L59: =VLOOKUP(G59,'MITRA (REFERENSI)'!$A:$Z,15,FALSE) -> #N/A | M59: =IF(B59=1,'KELAS (REFERENSI)'!M59,IF(B59=2,'KELAS (REFERENSI)'!M74,IF(B59=3,'KELAS (REFERENSI)'!M89,IF(B59=4,'KELAS (REFERENSI)'!M104,"")))) | N59: =IF(B59=1,'KELAS (REFERENSI)'!N59,IF(B59=2,'KELAS (REFERENSI)'!N74,IF(B59=3,'KELAS (REFERENSI)'!N89,IF(B59=4,'KELAS (REFERENSI)'!N104,"")))) | O59: =IF(B59=1,'KELAS (REFERENSI)'!O59,IF(B59=2,'KELAS (REFERENSI)'!O74,IF(B59=3,'KELAS (REFERENSI)'!O89,IF(B59=4,'KELAS (REFERENSI)'!O104,"")))) | P59: =IF(B59=1,'KELAS (REFERENSI)'!P59,IF(B59=2,'KELAS (REFERENSI)'!P74,IF(B59=3,'KELAS (REFERENSI)'!P89,IF(B59=4,'KELAS (REFERENSI)'!P104,"")))) | Q59: =Q58 -> BPS Kota Jakarta Timur | R59: =IF(B59=1,'[1]KELAS (REF) 1080'!L59,IF(B59=2,'[1]KELAS (REF) 1080'!L79,IF(B59=3,'[1]KELAS (REF) 1080'!L99,""))) | S59: =S58 -> 15 Juni sampai dengan 31 Agustus 2026 | T59: =T58 -> 31 Agustus 2026
... A555: 0554 | D555: =B555&C555 | E555: =VLOOKUP(D555,'KELAS (REFERENSI)'!$E$1:$J$68,6,FALSE) -> #N/A | F555: ="PETUGAS."&A555&"/SPK/SE/PPL/3172/2026" -> PETUGAS.0554/SPK/SE/PPL/3172/2026 | H555: =VLOOKUP(G555,'MITRA (REFERENSI)'!$A:$Z,16,FALSE) -> #N/A | I555: =VLOOKUP(G555,'MITRA (REFERENSI)'!$A:$Z,25,FALSE) -> #N/A | J555: =VLOOKUP(G555,'MITRA (REFERENSI)'!$A:$Z,26,FALSE) -> #N/A | K555: =VLOOKUP(G555,'MITRA (REFERENSI)'!$A:$Z,15,FALSE) -> #N/A | L555: =VLOOKUP(G555,'MITRA (REFERENSI)'!$A:$Z,15,FALSE) -> #N/A | M555: =IF(B555=1,'KELAS (REFERENSI)'!M555,IF(B555=2,'KELAS (REFERENSI)'!M570,IF(B555=3,'KELAS (REFERENSI)'!M585,IF(B555=4,'KELAS (REFERENSI)'!M600,"")))) | N555: =IF(B555=1,'KELAS (REFERENSI)'!N555,IF(B555=2,'KELAS (REFERENSI)'!N570,IF(B555=3,'KELAS (REFERENSI)'!N585,IF(B555=4,'KELAS (REFERENSI)'!N600,"")))) | O555: =IF(B555=1,'KELAS (REFERENSI)'!O555,IF(B555=2,'KELAS (REFERENSI)'!O570,IF(B555=3,'KELAS (REFERENSI)'!O585,IF(B555=4,'KELAS (REFERENSI)'!O600,"")))) | P555: =IF(B555=1,'KELAS (REFERENSI)'!P555,IF(B555=2,'KELAS (REFERENSI)'!P570,IF(B555=3,'KELAS (REFERENSI)'!P585,IF(B555=4,'KELAS (REFERENSI)'!P600,"")))) | Q555: =Q554 -> BPS Kota Jakarta Timur | R555: =IF(B555=1,'[1]KELAS (REF) 1080'!L555,IF(B555=2,'[1]KELAS (REF) 1080'!L575,IF(B555=3,'[1]KELAS (REF) 1080'!L595,""))) | S555: =S554 -> 15 Juni sampai dengan 31 Agustus 2026 | T555: =T554 -> 31 Agustus 2026
A556: 0555 | F556: ="PETUGAS."&A556&"/SPK/SE/PPL/3172/2026" -> PETUGAS.0555/SPK/SE/PPL/3172/2026 | H556: =VLOOKUP(G556,'MITRA (REFERENSI)'!$A:$Z,16,FALSE) -> #N/A | I556: =VLOOKUP(G556,'MITRA (REFERENSI)'!$A:$Z,25,FALSE) -> #N/A | J556: =VLOOKUP(G556,'MITRA (REFERENSI)'!$A:$Z,26,FALSE) -> #N/A | K556: =VLOOKUP(G556,'MITRA (REFERENSI)'!$A:$Z,15,FALSE) -> #N/A | L556: =VLOOKUP(G556,'MITRA (REFERENSI)'!$A:$Z,15,FALSE) -> #N/A | M556: =IF(B556=1,'KELAS (REFERENSI)'!M556,IF(B556=2,'KELAS (REFERENSI)'!M571,IF(B556=3,'KELAS (REFERENSI)'!M586,IF(B556=4,'KELAS (REFERENSI)'!M601,"")))) | N556: =IF(B556=1,'KELAS (REFERENSI)'!N556,IF(B556=2,'KELAS (REFERENSI)'!N571,IF(B556=3,'KELAS (REFERENSI)'!N586,IF(B556=4,'KELAS (REFERENSI)'!N601,"")))) | O556: =IF(B556=1,'KELAS (REFERENSI)'!O556,IF(B556=2,'KELAS (REFERENSI)'!O571,IF(B556=3,'KELAS (REFERENSI)'!O586,IF(B556=4,'KELAS (REFERENSI)'!O601,"")))) | P556: =IF(B556=1,'KELAS (REFERENSI)'!P556,IF(B556=2,'KELAS (REFERENSI)'!P571,IF(B556=3,'KELAS (REFERENSI)'!P586,IF(B556=4,'KELAS (REFERENSI)'!P601,"")))) | Q556: =Q555 -> BPS Kota Jakarta Timur | R556: =IF(B556=1,'[1]KELAS (REF) 1080'!L556,IF(B556=2,'[1]KELAS (REF) 1080'!L576,IF(B556=3,'[1]KELAS (REF) 1080'!L596,""))) | S556: =S555 -> 15 Juni sampai dengan 31 Agustus 2026 | T556: =T555 -> 31 Agustus 2026
A557: 0556 | F557: ="PETUGAS."&A557&"/SPK/SE/PPL/3172/2026" -> PETUGAS.0556/SPK/SE/PPL/3172/2026 | H557: =VLOOKUP(G557,'MITRA (REFERENSI)'!$A:$Z,16,FALSE) -> #N/A | I557: =VLOOKUP(G557,'MITRA (REFERENSI)'!$A:$Z,25,FALSE) -> #N/A | J557: =VLOOKUP(G557,'MITRA (REFERENSI)'!$A:$Z,26,FALSE) -> #N/A | K557: =VLOOKUP(G557,'MITRA (REFERENSI)'!$A:$Z,15,FALSE) -> #N/A | L557: =VLOOKUP(G557,'MITRA (REFERENSI)'!$A:$Z,15,FALSE) -> #N/A | M557: =IF(B557=1,'KELAS (REFERENSI)'!M557,IF(B557=2,'KELAS (REFERENSI)'!M572,IF(B557=3,'KELAS (REFERENSI)'!M587,IF(B557=4,'KELAS (REFERENSI)'!M602,"")))) | N557: =IF(B557=1,'KELAS (REFERENSI)'!N557,IF(B557=2,'KELAS (REFERENSI)'!N572,IF(B557=3,'KELAS (REFERENSI)'!N587,IF(B557=4,'KELAS (REFERENSI)'!N602,"")))) | O557: =IF(B557=1,'KELAS (REFERENSI)'!O557,IF(B557=2,'KELAS (REFERENSI)'!O572,IF(B557=3,'KELAS (REFERENSI)'!O587,IF(B557=4,'KELAS (REFERENSI)'!O602,"")))) | P557: =IF(B557=1,'KELAS (REFERENSI)'!P557,IF(B557=2,'KELAS (REFERENSI)'!P572,IF(B557=3,'KELAS (REFERENSI)'!P587,IF(B557=4,'KELAS (REFERENSI)'!P602,"")))) | Q557: =Q556 -> BPS Kota Jakarta Timur | R557: =IF(B557=1,'[1]KELAS (REF) 1080'!L557,IF(B557=2,'[1]KELAS (REF) 1080'!L577,IF(B557=3,'[1]KELAS (REF) 1080'!L597,""))) | S557: =S556 -> 15 Juni sampai dengan 31 Agustus 2026 | T557: =T556 -> 31 Agustus 2026
A558: 0557 | F558: ="PETUGAS."&A558&"/SPK/SE/PPL/3172/2026" -> PETUGAS.0557/SPK/SE/PPL/3172/2026 | H558: =VLOOKUP(G558,'MITRA (REFERENSI)'!$A:$Z,16,FALSE) -> #N/A | I558: =VLOOKUP(G558,'MITRA (REFERENSI)'!$A:$Z,25,FALSE) -> #N/A | J558: =VLOOKUP(G558,'MITRA (REFERENSI)'!$A:$Z,26,FALSE) -> #N/A | K558: =VLOOKUP(G558,'MITRA (REFERENSI)'!$A:$Z,15,FALSE) -> #N/A | L558: =VLOOKUP(G558,'MITRA (REFERENSI)'!$A:$Z,15,FALSE) -> #N/A | M558: =IF(B558=1,'KELAS (REFERENSI)'!M558,IF(B558=2,'KELAS (REFERENSI)'!M573,IF(B558=3,'KELAS (REFERENSI)'!M588,IF(B558=4,'KELAS (REFERENSI)'!M603,"")))) | N558: =IF(B558=1,'KELAS (REFERENSI)'!N558,IF(B558=2,'KELAS (REFERENSI)'!N573,IF(B558=3,'KELAS (REFERENSI)'!N588,IF(B558=4,'KELAS (REFERENSI)'!N603,"")))) | O558: =IF(B558=1,'KELAS (REFERENSI)'!O558,IF(B558=2,'KELAS (REFERENSI)'!O573,IF(B558=3,'KELAS (REFERENSI)'!O588,IF(B558=4,'KELAS (REFERENSI)'!O603,"")))) | P558: =IF(B558=1,'KELAS (REFERENSI)'!P558,IF(B558=2,'KELAS (REFERENSI)'!P573,IF(B558=3,'KELAS (REFERENSI)'!P588,IF(B558=4,'KELAS (REFERENSI)'!P603,"")))) | Q558: =Q557 -> BPS Kota Jakarta Timur | R558: =IF(B558=1,'[1]KELAS (REF) 1080'!L558,IF(B558=2,'[1]KELAS (REF) 1080'!L578,IF(B558=3,'[1]KELAS (REF) 1080'!L598,""))) | S558: =S557 -> 15 Juni sampai dengan 31 Agustus 2026 | T558: =T557 -> 31 Agustus 2026
A559: 0558 | F559: ="PETUGAS."&A559&"/SPK/SE/PPL/3172/2026" -> PETUGAS.0558/SPK/SE/PPL/3172/2026 | H559: =VLOOKUP(G559,'MITRA (REFERENSI)'!$A:$Z,16,FALSE) -> #N/A | I559: =VLOOKUP(G559,'MITRA (REFERENSI)'!$A:$Z,25,FALSE) -> #N/A | J559: =VLOOKUP(G559,'MITRA (REFERENSI)'!$A:$Z,26,FALSE) -> #N/A | K559: =VLOOKUP(G559,'MITRA (REFERENSI)'!$A:$Z,15,FALSE) -> #N/A | L559: =VLOOKUP(G559,'MITRA (REFERENSI)'!$A:$Z,15,FALSE) -> #N/A | M559: =IF(B559=1,'KELAS (REFERENSI)'!M559,IF(B559=2,'KELAS (REFERENSI)'!M574,IF(B559=3,'KELAS (REFERENSI)'!M589,IF(B559=4,'KELAS (REFERENSI)'!M604,"")))) | N559: =IF(B559=1,'KELAS (REFERENSI)'!N559,IF(B559=2,'KELAS (REFERENSI)'!N574,IF(B559=3,'KELAS (REFERENSI)'!N589,IF(B559=4,'KELAS (REFERENSI)'!N604,"")))) | O559: =IF(B559=1,'KELAS (REFERENSI)'!O559,IF(B559=2,'KELAS (REFERENSI)'!O574,IF(B559=3,'KELAS (REFERENSI)'!O589,IF(B559=4,'KELAS (REFERENSI)'!O604,"")))) | P559: =IF(B559=1,'KELAS (REFERENSI)'!P559,IF(B559=2,'KELAS (REFERENSI)'!P574,IF(B559=3,'KELAS (REFERENSI)'!P589,IF(B559=4,'KELAS (REFERENSI)'!P604,"")))) | Q559: =Q558 -> BPS Kota Jakarta Timur | R559: =IF(B559=1,'[1]KELAS (REF) 1080'!L559,IF(B559=2,'[1]KELAS (REF) 1080'!L579,IF(B559=3,'[1]KELAS (REF) 1080'!L599,""))) | S559: =S558 -> 15 Juni sampai dengan 31 Agustus 2026 | T559: =T558 -> 31 Agustus 2026
A560: 0559 | F560: ="PETUGAS."&A560&"/SPK/SE/PPL/3172/2026" -> PETUGAS.0559/SPK/SE/PPL/3172/2026 | H560: =VLOOKUP(G560,'MITRA (REFERENSI)'!$A:$Z,16,FALSE) -> #N/A | I560: =VLOOKUP(G560,'MITRA (REFERENSI)'!$A:$Z,25,FALSE) -> #N/A | J560: =VLOOKUP(G560,'MITRA (REFERENSI)'!$A:$Z,26,FALSE) -> #N/A | K560: =VLOOKUP(G560,'MITRA (REFERENSI)'!$A:$Z,15,FALSE) -> #N/A | L560: =VLOOKUP(G560,'MITRA (REFERENSI)'!$A:$Z,15,FALSE) -> #N/A | M560: =IF(B560=1,'KELAS (REFERENSI)'!M560,IF(B560=2,'KELAS (REFERENSI)'!M575,IF(B560=3,'KELAS (REFERENSI)'!M590,IF(B560=4,'KELAS (REFERENSI)'!M605,"")))) | N560: =IF(B560=1,'KELAS (REFERENSI)'!N560,IF(B560=2,'KELAS (REFERENSI)'!N575,IF(B560=3,'KELAS (REFERENSI)'!N590,IF(B560=4,'KELAS (REFERENSI)'!N605,"")))) | O560: =IF(B560=1,'KELAS (REFERENSI)'!O560,IF(B560=2,'KELAS (REFERENSI)'!O575,IF(B560=3,'KELAS (REFERENSI)'!O590,IF(B560=4,'KELAS (REFERENSI)'!O605,"")))) | P560: =IF(B560=1,'KELAS (REFERENSI)'!P560,IF(B560=2,'KELAS (REFERENSI)'!P575,IF(B560=3,'KELAS (REFERENSI)'!P590,IF(B560=4,'KELAS (REFERENSI)'!P605,"")))) | Q560: =Q559 -> BPS Kota Jakarta Timur | R560: =IF(B560=1,'[1]KELAS (REF) 1080'!L560,IF(B560=2,'[1]KELAS (REF) 1080'!L580,IF(B560=3,'[1]KELAS (REF) 1080'!L600,""))) | S560: =S559 -> 15 Juni sampai dengan 31 Agustus 2026 | T560: =T559 -> 31 Agustus 2026
A561: 0560 | F561: ="PETUGAS."&A561&"/SPK/SE/PPL/3172/2026" -> PETUGAS.0560/SPK/SE/PPL/3172/2026 | H561: =VLOOKUP(G561,'MITRA (REFERENSI)'!$A:$Z,16,FALSE) -> #N/A | I561: =VLOOKUP(G561,'MITRA (REFERENSI)'!$A:$Z,25,FALSE) -> #N/A | J561: =VLOOKUP(G561,'MITRA (REFERENSI)'!$A:$Z,26,FALSE) -> #N/A | K561: =VLOOKUP(G561,'MITRA (REFERENSI)'!$A:$Z,15,FALSE) -> #N/A | L561: =VLOOKUP(G561,'MITRA (REFERENSI)'!$A:$Z,15,FALSE) -> #N/A | M561: =IF(B561=1,'KELAS (REFERENSI)'!M561,IF(B561=2,'KELAS (REFERENSI)'!M576,IF(B561=3,'KELAS (REFERENSI)'!M591,IF(B561=4,'KELAS (REFERENSI)'!M606,"")))) | N561: =IF(B561=1,'KELAS (REFERENSI)'!N561,IF(B561=2,'KELAS (REFERENSI)'!N576,IF(B561=3,'KELAS (REFERENSI)'!N591,IF(B561=4,'KELAS (REFERENSI)'!N606,"")))) | O561: =IF(B561=1,'KELAS (REFERENSI)'!O561,IF(B561=2,'KELAS (REFERENSI)'!O576,IF(B561=3,'KELAS (REFERENSI)'!O591,IF(B561=4,'KELAS (REFERENSI)'!O606,"")))) | P561: =IF(B561=1,'KELAS (REFERENSI)'!P561,IF(B561=2,'KELAS (REFERENSI)'!P576,IF(B561=3,'KELAS (REFERENSI)'!P591,IF(B561=4,'KELAS (REFERENSI)'!P606,"")))) | Q561: =Q560 -> BPS Kota Jakarta Timur | R561: =IF(B561=1,'[1]KELAS (REF) 1080'!L561,IF(B561=2,'[1]KELAS (REF) 1080'!L581,IF(B561=3,'[1]KELAS (REF) 1080'!L601,""))) | S561: =S560 -> 15 Juni sampai dengan 31 Agustus 2026 | T561: =T560 -> 31 Agustus 2026
A562: 0561 | F562: ="PETUGAS."&A562&"/SPK/SE/PPL/3172/2026" -> PETUGAS.0561/SPK/SE/PPL/3172/2026 | H562: =VLOOKUP(G562,'MITRA (REFERENSI)'!$A:$Z,16,FALSE) -> #N/A | I562: =VLOOKUP(G562,'MITRA (REFERENSI)'!$A:$Z,25,FALSE) -> #N/A | J562: =VLOOKUP(G562,'MITRA (REFERENSI)'!$A:$Z,26,FALSE) -> #N/A | K562: =VLOOKUP(G562,'MITRA (REFERENSI)'!$A:$Z,15,FALSE) -> #N/A | L562: =VLOOKUP(G562,'MITRA (REFERENSI)'!$A:$Z,15,FALSE) -> #N/A | M562: =IF(B562=1,'KELAS (REFERENSI)'!M562,IF(B562=2,'KELAS (REFERENSI)'!M577,IF(B562=3,'KELAS (REFERENSI)'!M592,IF(B562=4,'KELAS (REFERENSI)'!M607,"")))) | N562: =IF(B562=1,'KELAS (REFERENSI)'!N562,IF(B562=2,'KELAS (REFERENSI)'!N577,IF(B562=3,'KELAS (REFERENSI)'!N592,IF(B562=4,'KELAS (REFERENSI)'!N607,"")))) | O562: =IF(B562=1,'KELAS (REFERENSI)'!O562,IF(B562=2,'KELAS (REFERENSI)'!O577,IF(B562=3,'KELAS (REFERENSI)'!O592,IF(B562=4,'KELAS (REFERENSI)'!O607,"")))) | P562: =IF(B562=1,'KELAS (REFERENSI)'!P562,IF(B562=2,'KELAS (REFERENSI)'!P577,IF(B562=3,'KELAS (REFERENSI)'!P592,IF(B562=4,'KELAS (REFERENSI)'!P607,"")))) | Q562: =Q561 -> BPS Kota Jakarta Timur | R562: =IF(B562=1,'[1]KELAS (REF) 1080'!L562,IF(B562=2,'[1]KELAS (REF) 1080'!L582,IF(B562=3,'[1]KELAS (REF) 1080'!L602,""))) | S562: =S561 -> 15 Juni sampai dengan 31 Agustus 2026 | T562: =T561 -> 31 Agustus 2026
A563: 0562 | F563: ="PETUGAS."&A563&"/SPK/SE/PPL/3172/2026" -> PETUGAS.0562/SPK/SE/PPL/3172/2026 | H563: =VLOOKUP(G563,'MITRA (REFERENSI)'!$A:$Z,16,FALSE) -> #N/A | I563: =VLOOKUP(G563,'MITRA (REFERENSI)'!$A:$Z,25,FALSE) -> #N/A | J563: =VLOOKUP(G563,'MITRA (REFERENSI)'!$A:$Z,26,FALSE) -> #N/A | K563: =VLOOKUP(G563,'MITRA (REFERENSI)'!$A:$Z,15,FALSE) -> #N/A | L563: =VLOOKUP(G563,'MITRA (REFERENSI)'!$A:$Z,15,FALSE) -> #N/A | M563: =IF(B563=1,'KELAS (REFERENSI)'!M563,IF(B563=2,'KELAS (REFERENSI)'!M578,IF(B563=3,'KELAS (REFERENSI)'!M593,IF(B563=4,'KELAS (REFERENSI)'!M608,"")))) | N563: =IF(B563=1,'KELAS (REFERENSI)'!N563,IF(B563=2,'KELAS (REFERENSI)'!N578,IF(B563=3,'KELAS (REFERENSI)'!N593,IF(B563=4,'KELAS (REFERENSI)'!N608,"")))) | O563: =IF(B563=1,'KELAS (REFERENSI)'!O563,IF(B563=2,'KELAS (REFERENSI)'!O578,IF(B563=3,'KELAS (REFERENSI)'!O593,IF(B563=4,'KELAS (REFERENSI)'!O608,"")))) | P563: =IF(B563=1,'KELAS (REFERENSI)'!P563,IF(B563=2,'KELAS (REFERENSI)'!P578,IF(B563=3,'KELAS (REFERENSI)'!P593,IF(B563=4,'KELAS (REFERENSI)'!P608,"")))) | Q563: =Q562 -> BPS Kota Jakarta Timur | R563: =IF(B563=1,'[1]KELAS (REF) 1080'!L563,IF(B563=2,'[1]KELAS (REF) 1080'!L583,IF(B563=3,'[1]KELAS (REF) 1080'!L603,""))) | S563: =S562 -> 15 Juni sampai dengan 31 Agustus 2026 | T563: =T562 -> 31 Agustus 2026
A564: 0563 | F564: ="PETUGAS."&A564&"/SPK/SE/PPL/3172/2026" -> PETUGAS.0563/SPK/SE/PPL/3172/2026 | H564: =VLOOKUP(G564,'MITRA (REFERENSI)'!$A:$Z,16,FALSE) -> #N/A | I564: =VLOOKUP(G564,'MITRA (REFERENSI)'!$A:$Z,25,FALSE) -> #N/A | J564: =VLOOKUP(G564,'MITRA (REFERENSI)'!$A:$Z,26,FALSE) -> #N/A | K564: =VLOOKUP(G564,'MITRA (REFERENSI)'!$A:$Z,15,FALSE) -> #N/A | L564: =VLOOKUP(G564,'MITRA (REFERENSI)'!$A:$Z,15,FALSE) -> #N/A | M564: =IF(B564=1,'KELAS (REFERENSI)'!M564,IF(B564=2,'KELAS (REFERENSI)'!M579,IF(B564=3,'KELAS (REFERENSI)'!M594,IF(B564=4,'KELAS (REFERENSI)'!M609,"")))) | N564: =IF(B564=1,'KELAS (REFERENSI)'!N564,IF(B564=2,'KELAS (REFERENSI)'!N579,IF(B564=3,'KELAS (REFERENSI)'!N594,IF(B564=4,'KELAS (REFERENSI)'!N609,"")))) | O564: =IF(B564=1,'KELAS (REFERENSI)'!O564,IF(B564=2,'KELAS (REFERENSI)'!O579,IF(B564=3,'KELAS (REFERENSI)'!O594,IF(B564=4,'KELAS (REFERENSI)'!O609,"")))) | P564: =IF(B564=1,'KELAS (REFERENSI)'!P564,IF(B564=2,'KELAS (REFERENSI)'!P579,IF(B564=3,'KELAS (REFERENSI)'!P594,IF(B564=4,'KELAS (REFERENSI)'!P609,"")))) | Q564: =Q563 -> BPS Kota Jakarta Timur | R564: =IF(B564=1,'[1]KELAS (REF) 1080'!L564,IF(B564=2,'[1]KELAS (REF) 1080'!L584,IF(B564=3,'[1]KELAS (REF) 1080'!L604,""))) | S564: =S563 -> 15 Juni sampai dengan 31 Agustus 2026 | T564: =T563 -> 31 Agustus 2026
A565: 0564 | F565: ="PETUGAS."&A565&"/SPK/SE/PPL/3172/2026" -> PETUGAS.0564/SPK/SE/PPL/3172/2026 | H565: =VLOOKUP(G565,'MITRA (REFERENSI)'!$A:$Z,16,FALSE) -> #N/A | I565: =VLOOKUP(G565,'MITRA (REFERENSI)'!$A:$Z,25,FALSE) -> #N/A | J565: =VLOOKUP(G565,'MITRA (REFERENSI)'!$A:$Z,26,FALSE) -> #N/A | K565: =VLOOKUP(G565,'MITRA (REFERENSI)'!$A:$Z,15,FALSE) -> #N/A | L565: =VLOOKUP(G565,'MITRA (REFERENSI)'!$A:$Z,15,FALSE) -> #N/A | M565: =IF(B565=1,'KELAS (REFERENSI)'!M565,IF(B565=2,'KELAS (REFERENSI)'!M580,IF(B565=3,'KELAS (REFERENSI)'!M595,IF(B565=4,'KELAS (REFERENSI)'!M610,"")))) | N565: =IF(B565=1,'KELAS (REFERENSI)'!N565,IF(B565=2,'KELAS (REFERENSI)'!N580,IF(B565=3,'KELAS (REFERENSI)'!N595,IF(B565=4,'KELAS (REFERENSI)'!N610,"")))) | O565: =IF(B565=1,'KELAS (REFERENSI)'!O565,IF(B565=2,'KELAS (REFERENSI)'!O580,IF(B565=3,'KELAS (REFERENSI)'!O595,IF(B565=4,'KELAS (REFERENSI)'!O610,"")))) | P565: =IF(B565=1,'KELAS (REFERENSI)'!P565,IF(B565=2,'KELAS (REFERENSI)'!P580,IF(B565=3,'KELAS (REFERENSI)'!P595,IF(B565=4,'KELAS (REFERENSI)'!P610,"")))) | Q565: =Q564 -> BPS Kota Jakarta Timur | R565: =IF(B565=1,'[1]KELAS (REF) 1080'!L565,IF(B565=2,'[1]KELAS (REF) 1080'!L585,IF(B565=3,'[1]KELAS (REF) 1080'!L605,""))) | S565: =S564 -> 15 Juni sampai dengan 31 Agustus 2026 | T565: =T564 -> 31 Agustus 2026
A566: 0565 | F566: ="PETUGAS."&A566&"/SPK/SE/PPL/3172/2026" -> PETUGAS.0565/SPK/SE/PPL/3172/2026 | H566: =VLOOKUP(G566,'MITRA (REFERENSI)'!$A:$Z,16,FALSE) -> #N/A | I566: =VLOOKUP(G566,'MITRA (REFERENSI)'!$A:$Z,25,FALSE) -> #N/A | J566: =VLOOKUP(G566,'MITRA (REFERENSI)'!$A:$Z,26,FALSE) -> #N/A | K566: =VLOOKUP(G566,'MITRA (REFERENSI)'!$A:$Z,15,FALSE) -> #N/A | L566: =VLOOKUP(G566,'MITRA (REFERENSI)'!$A:$Z,15,FALSE) -> #N/A | M566: =IF(B566=1,'KELAS (REFERENSI)'!M566,IF(B566=2,'KELAS (REFERENSI)'!M581,IF(B566=3,'KELAS (REFERENSI)'!M596,IF(B566=4,'KELAS (REFERENSI)'!M611,"")))) | N566: =IF(B566=1,'KELAS (REFERENSI)'!N566,IF(B566=2,'KELAS (REFERENSI)'!N581,IF(B566=3,'KELAS (REFERENSI)'!N596,IF(B566=4,'KELAS (REFERENSI)'!N611,"")))) | O566: =IF(B566=1,'KELAS (REFERENSI)'!O566,IF(B566=2,'KELAS (REFERENSI)'!O581,IF(B566=3,'KELAS (REFERENSI)'!O596,IF(B566=4,'KELAS (REFERENSI)'!O611,"")))) | P566: =IF(B566=1,'KELAS (REFERENSI)'!P566,IF(B566=2,'KELAS (REFERENSI)'!P581,IF(B566=3,'KELAS (REFERENSI)'!P596,IF(B566=4,'KELAS (REFERENSI)'!P611,"")))) | Q566: =Q565 -> BPS Kota Jakarta Timur | R566: =IF(B566=1,'[1]KELAS (REF) 1080'!L566,IF(B566=2,'[1]KELAS (REF) 1080'!L586,IF(B566=3,'[1]KELAS (REF) 1080'!L606,""))) | S566: =S565 -> 15 Juni sampai dengan 31 Agustus 2026 | T566: =T565 -> 31 Agustus 2026
A567: 0566 | F567: ="PETUGAS."&A567&"/SPK/SE/PPL/3172/2026" -> PETUGAS.0566/SPK/SE/PPL/3172/2026 | H567: =VLOOKUP(G567,'MITRA (REFERENSI)'!$A:$Z,16,FALSE) -> #N/A | I567: =VLOOKUP(G567,'MITRA (REFERENSI)'!$A:$Z,25,FALSE) -> #N/A | J567: =VLOOKUP(G567,'MITRA (REFERENSI)'!$A:$Z,26,FALSE) -> #N/A | K567: =VLOOKUP(G567,'MITRA (REFERENSI)'!$A:$Z,15,FALSE) -> #N/A | L567: =VLOOKUP(G567,'MITRA (REFERENSI)'!$A:$Z,15,FALSE) -> #N/A | M567: =IF(B567=1,'KELAS (REFERENSI)'!M567,IF(B567=2,'KELAS (REFERENSI)'!M582,IF(B567=3,'KELAS (REFERENSI)'!M597,IF(B567=4,'KELAS (REFERENSI)'!M612,"")))) | N567: =IF(B567=1,'KELAS (REFERENSI)'!N567,IF(B567=2,'KELAS (REFERENSI)'!N582,IF(B567=3,'KELAS (REFERENSI)'!N597,IF(B567=4,'KELAS (REFERENSI)'!N612,"")))) | O567: =IF(B567=1,'KELAS (REFERENSI)'!O567,IF(B567=2,'KELAS (REFERENSI)'!O582,IF(B567=3,'KELAS (REFERENSI)'!O597,IF(B567=4,'KELAS (REFERENSI)'!O612,"")))) | P567: =IF(B567=1,'KELAS (REFERENSI)'!P567,IF(B567=2,'KELAS (REFERENSI)'!P582,IF(B567=3,'KELAS (REFERENSI)'!P597,IF(B567=4,'KELAS (REFERENSI)'!P612,"")))) | Q567: =Q566 -> BPS Kota Jakarta Timur | R567: =IF(B567=1,'[1]KELAS (REF) 1080'!L567,IF(B567=2,'[1]KELAS (REF) 1080'!L587,IF(B567=3,'[1]KELAS (REF) 1080'!L607,""))) | S567: =S566 -> 15 Juni sampai dengan 31 Agustus 2026 | T567: =T566 -> 31 Agustus 2026
... A2001: 2000 | F2001: ="PETUGAS."&A2001&"/SPK/SE/PPL/3172/2026" -> PETUGAS.2000/SPK/SE/PPL/3172/2026 | H2001: =VLOOKUP(G2001,'MITRA (REFERENSI)'!$A:$Z,16,FALSE) -> #N/A | I2001: =VLOOKUP(G2001,'MITRA (REFERENSI)'!$A:$Z,25,FALSE) -> #N/A | J2001: =VLOOKUP(G2001,'MITRA (REFERENSI)'!$A:$Z,26,FALSE) -> #N/A | K2001: =VLOOKUP(G2001,'MITRA (REFERENSI)'!$A:$Z,15,FALSE) -> #N/A | L2001: =VLOOKUP(G2001,'MITRA (REFERENSI)'!$A:$Z,15,FALSE) -> #N/A | M2001: =IF(B2001=1,'KELAS (REFERENSI)'!M2001,IF(B2001=2,'KELAS (REFERENSI)'!M2016,IF(B2001=3,'KELAS (REFERENSI)'!M2031,IF(B2001=4,'KELAS (REFERENSI)'!M2046,"")))) | N2001: =IF(B2001=1,'KELAS (REFERENSI)'!N2001,IF(B2001=2,'KELAS (REFERENSI)'!N2016,IF(B2001=3,'KELAS (REFERENSI)'!N2031,IF(B2001=4,'KELAS (REFERENSI)'!N2046,"")))) | O2001: =IF(B2001=1,'KELAS (REFERENSI)'!O2001,IF(B2001=2,'KELAS (REFERENSI)'!O2016,IF(B2001=3,'KELAS (REFERENSI)'!O2031,IF(B2001=4,'KELAS (REFERENSI)'!O2046,"")))) | P2001: =IF(B2001=1,'KELAS (REFERENSI)'!P2001,IF(B2001=2,'KELAS (REFERENSI)'!P2016,IF(B2001=3,'KELAS (REFERENSI)'!P2031,IF(B2001=4,'KELAS (REFERENSI)'!P2046,"")))) | Q2001: =Q2000 -> BPS Kota Jakarta Timur | R2001: =IF(B2001=1,'[1]KELAS (REF) 1080'!L2001,IF(B2001=2,'[1]KELAS (REF) 1080'!L2021,IF(B2001=3,'[1]KELAS (REF) 1080'!L2041,""))) | S2001: =S2000 -> 15 Juni sampai dengan 31 Agustus 2026 | T2001: =T2000 -> 31 Agustus 2026

Sheet PML (ENTRI)
